f1,f2,f3,f4,f5,f6,f7,f8,f9,f10,f11,f12,f13,f14,f15,f16,f17,f18,f19,f20,f21,f22,f23,condition,name
43.02268522244364,43.64469421487603,44.0,82.09732295688234,86.99179841897234,89.0,17.055065230095746,0.053194993412384685,0.0,17.90020969086956,-0.02868906455862967,0.0,7.076181750867308,0.0005599472990777417,0.0,25047.0,21417.0,8403.0,2648.0,1378.0,729.0,555.0,323.0,0,no 4.jpg
64.80027233821328,67.53112654787073,78.0,126.92208361439194,134.12729148670698,156.50000000000003,16.93054752291172,-0.0035272099049813276,0.0,19.505000313897565,-0.01634033976389294,0.0,5.3971689706377965,0.0024714463960072946,0.0,35756.0,3196.0,8099.0,21213.0,10565.0,1126.0,951.0,1869.0,0,no 95.jpg
56.94951892601813,52.906246800843554,16.0,112.40140175973328,105.81249360168711,31.000000000000007,11.799845616064056,0.0014946458917712577,0.0,13.74366407867758,0.005405294731885142,0.0,3.2849655718886273,-0.004115394852685242,0.0,112983.0,9507.0,37923.0,16482.0,6305.0,3846.0,2872.0,5446.0,0,No21.jpg
30.103806781262847,53.96524351424479,59.0,55.84423112374808,107.93048702848958,120.0,9.505712791930687,0.015159955435301643,0.0,20.02330368176486,1.6360416998249243,0.0,3.5228459265423653,0.003063823014483516,0.0,17106.0,13519.0,16465.0,1581.0,830.0,712.0,50.0,1.0,0,no 92.jpg
51.9077928387391,57.00429389312977,47.0,103.154965381053,113.76362944162436,94.5,7.461614845249188,0.008832487309644716,0.0,8.557417630835943,0.01157360406091371,0.0,2.0131690834185596,-0.0023604060913705546,0.0,72808.0,11869.0,39325.0,21285.0,5771.0,2309.0,1380.0,2453.0,0,No17.jpg
42.21517938049524,36.34101409101409,15.0,83.80658789032195,72.68202818202818,30.500000000000007,5.995616217576637,-0.10398860398860399,0.0,8.211752670912459,0.00714175714175716,0.0,1.2450468137480915,0.002175252175252188,0.0,113220.0,50163.0,33083.0,2214.0,2254.0,4147.0,2319.0,392.0,0,No20.jpg
50.854606925471124,120.0419381754609,132.0,98.07701959971352,240.0838763509218,265.00000000000006,16.3403056071151,0.05344087730451359,0.0,20.295642000808783,0.0597981563890655,0.0,6.836468540952895,-0.0017879847425300909,0.0,4907.0,4770.0,3163.0,9161.0,20741.0,5243.0,867.0,1484.0,0,30 no.jpg
52.41122507231247,55.684518845069306,50.0,102.56389022235938,110.90655646947168,105.0,14.960698369777823,-0.01293103448275862,0.0,15.166501477704276,-0.027957924707371202,0.0,4.076445674198173,-0.0042312559316672925,0.0,23220.0,3254.0,5819.0,15632.0,1625.0,483.0,206.0,119.0,0,27 no.jpg
53.2984810669192,55.59864838004373,27.0,102.52995002753056,110.79024216524216,65.00000000000001,18.44922424349292,-0.5430911680911681,0.0,21.107855229679284,-0.023860398860398806,0.0,6.882113164918542,-0.036997467553023106,0.0,25620.0,3093.0,9001.0,9549.0,1267.0,495.0,354.0,931.0,0,29 no.jpg
42.61086979500308,49.23787895927602,26.0,84.66915520611367,98.47575791855203,54.0,6.677079209520316,-0.031210407239818983,0.0,6.650254437380069,-0.02055429864253392,0.0,2.251307809730668,0.001074660633484168,0.0,91054.0,17749.0,27035.0,37652.0,3225.0,85.0,0.0,0.0,0,no 91.jpeg
74.8710948746857,66.40128395061728,23.0,146.63739711264012,131.6299240347717,56.500000000000014,19.147843677931963,0.16152400344584547,0.0,21.140564585139927,0.08508888714856289,0.0,7.934939621822544,-0.004816352102748831,0.0,25694.0,1775.0,2505.0,6066.0,10813.0,841.0,548.0,2383.0,0,N15.jpg
36.33299648061351,29.71772234819854,6.0,72.20950707823565,59.43544469639708,11.000000000000002,5.286458038263392,0.005754598135550512,0.0,6.0596573635796,0.0036684303350970216,0.0,1.2113991948969962,-0.00015117157974300438,0.0,229296.0,100991.0,44601.0,12071.0,8299.0,1369.0,206.0,67.0,0,1 no.jpeg
56.71141384901205,98.47363715829626,109.0,109.07673285895928,196.9472743165925,220.50000000000006,20.104570530786845,-0.012674825174825174,0.0,22.55064274739434,0.0002781309599492248,0.0,7.367363263188601,0.027296567069294342,0.0,9643.0,7670.0,4718.0,12533.0,10683.0,2009.0,1399.0,1681.0,0,23 no.jpg
36.274852924846485,29.74265679012346,5.0,70.13323253248058,58.96005951914793,10.000000000000002,11.59621828585636,-0.09773670608504971,0.0,12.992874894952656,0.013548437622366634,0.0,5.09759409320308,0.0026626987234708854,0.0,29239.0,12931.0,5641.0,1614.0,1000.0,164.0,27.0,9.0,0,49 no.jpg
54.63775989747185,42.49819401444788,2.0,105.59590799853424,84.61352141615299,7.000000000000001,16.19766729288439,-0.022324956535482814,0.0,21.716028533612917,-0.036470681207523364,0.0,5.941216841776178,0.0032005689900426663,0.0,29763.0,2477.0,7616.0,7519.0,1469.0,735.0,375.0,434.0,0,18 no.jpg
40.32983869526016,46.69933569148477,47.0,79.78370325806144,92.40218504609082,93.00000000000001,8.106061591689254,-0.08000455217935586,0.0,9.467300306754614,-0.013770342551496688,0.0,2.804225626456396,0.006145442130419958,0.0,14178.0,6745.0,8670.0,5156.0,24.0,0.0,0.0,0.0,0,9 no.jpg
49.372879332858965,54.74563675609004,34.0,96.80984760652525,109.49127351218009,80.0,12.718251807554413,-0.0364477335800185,0.0,13.894866299330157,0.05094048720320679,0.0,4.8737142119239305,-0.0029602220166512006,0.0,32161.0,2900.0,9404.0,16865.0,2455.0,844.0,228.0,3.0,0,N19.JPG
67.10851971511016,56.17965739821251,0.0,133.73924429974227,112.35931479642502,1.0000000000000002,6.309327224017849,0.009543197616683236,0.0,9.26163929793998,-0.03432969215491556,0.0,1.5624869026983277,-0.00034756703078452116,0.0,110043.0,5566.0,19628.0,23503.0,28772.0,8480.0,3167.0,2241.0,0,46 no.jpg
68.29542418324847,34.93785252700617,0.0,136.3214500111942,69.87570505401234,0.0,4.697057825227756,-0.0008362268518518519,0.0,7.121367338595054,-0.005027970679012359,0.0,0.8636393100034472,-0.0007089120370370351,0.0,1593807.0,23337.0,48460.0,92482.0,126594.0,93084.0,37613.0,58223.0,0,no 9.png
42.687123172238785,39.605683737885656,34.0,84.35775198133575,79.21136747577131,68.75,8.213269970985209,-0.006379478972170397,0.0,9.994545894566407,-0.033186627545123124,0.0,2.2763396768531665,-0.0019783053258646565,0.0,40433.0,30521.0,10409.0,4130.0,2479.0,1138.0,493.0,373.0,0,N22.JPG
56.928452019681046,75.10700396825396,89.0,110.77916548773361,150.21400793650793,177.5,18.126988847494385,0.22376984126984145,0.0,18.197683522545795,0.030357142857143016,0.0,5.619311915220734,-0.004484126984126949,0.0,14485.0,5647.0,9150.0,16143.0,1697.0,843.0,1208.0,1227.0,0,31 no.jpg
40.43916900432237,31.397389770723105,4.0,80.63263155079821,62.79477954144621,7.000000000000002,4.200768840390584,-0.004041320231796412,0.0,4.665058208257588,-0.006218190980095731,0.0,0.5244103177884429,0.00034265558075080636,0.0,238955.0,45511.0,92728.0,7793.0,6717.0,4433.0,762.0,1.0,0,48 no.jpeg
42.57893132146667,43.91635448256724,44.0,81.03487504620816,87.10458903033161,89.50000000000001,17.30971259893912,-0.015637278013515638,0.0,18.239898467704844,0.017680339462517628,0.0,6.887041901675047,0.009665252239509673,0.0,20721.0,17900.0,7143.0,2239.0,1159.0,612.0,463.0,214.0,0,38 no.jpg
49.63892842501856,58.26365874443708,58.0,98.76428233805953,116.39994329279818,117.00000000000001,6.221345182524033,0.07282149833028795,0.0,7.206675747789391,0.12571671602293485,0.0,1.1997868012663604,-0.0005670720181463138,0.0,87910.0,48874.0,57526.0,39120.0,12162.0,5093.0,2394.0,385.0,0,No12.jpg
43.02268522244364,43.64469421487603,44.0,82.09732295688234,86.99179841897234,89.0,17.055065230095746,0.053194993412384685,0.0,17.90020969086956,-0.02868906455862967,0.0,7.076181750867308,0.0005599472990777417,0.0,25047.0,21417.0,8403.0,2648.0,1378.0,729.0,555.0,323.0,0,N3.jpg
58.34315755070835,48.39922962962963,4.0,113.90845888473605,95.95395097501762,9.000000000000002,14.867663646240649,0.01762080037591041,0.0,18.393399926814933,-0.16829822225702873,0.0,6.404748232095833,0.012217088260631257,0.0,27690.0,3238.0,6179.0,10778.0,769.0,628.0,527.0,816.0,0,40 no.jpg
68.12478541579135,75.18049342955409,66.0,134.30853046546315,149.0282944514502,133.0,15.313784986373108,-0.016866330390920482,0.0,17.301980306273357,0.0022856242118536887,0.0,4.944485403610099,0.011191677175283753,0.0,18703.0,6100.0,3755.0,5144.0,10586.0,4649.0,1349.0,15.0,0,22 no.jpg
55.948235483716594,51.37135587059251,41.0,109.61900038883125,102.8079622915156,83.00000000000001,15.364023556344778,0.4793183466279913,0.0,15.007630764442776,-0.013328498912255281,0.0,3.6038257076321325,0.0019289340101522777,0.0,65530.0,16127.0,40878.0,4729.0,2562.0,1892.0,1522.0,4310.0,0,N17.jpg
40.11406804710913,43.37127383042478,45.0,79.29902526450515,86.34002469135802,90.00000000000001,8.206411565990845,0.010271604938271605,0.0,8.806846158660182,-0.009506172839506133,0.0,1.8640422785487032,-0.0008395061728395193,0.0,66116.0,56936.0,24716.0,7027.0,3155.0,1676.0,1223.0,342.0,0,No22.jpg
33.56777675058116,32.23867654320988,9.0,64.59886659666522,63.908019422037746,18.000000000000004,11.230589555022338,0.011003210901401833,0.0,13.524458204124574,-0.0024669120526274704,0.0,4.660281740017379,-0.013196021614848482,0.0,28236.0,13984.0,6168.0,1390.0,609.0,172.0,63.0,3.0,0,47 no.jpg
86.55778428989049,76.50386002886003,63.0,170.27240126644543,153.00772005772006,136.00000000000003,20.251818952948668,0.047041847041847044,0.0,22.883549369870806,0.06486291486291478,0.0,6.51996770430118,0.007070707070707126,0.0,26813.0,949.0,7331.0,6572.0,3188.0,2346.0,1915.0,6326.0,0,N26.JPG
56.342952305172105,73.3218454697054,85.0,109.39313424550829,146.09175763328588,171.75000000000003,17.204552744091135,0.05592469545957911,0.0,20.34468571273469,-0.03369719981015654,0.0,7.101246267644289,0.001661129568106283,0.0,16486.0,3074.0,11355.0,12674.0,3559.0,1797.0,1054.0,373.0,0,N6.jpg
38.13700916301199,18.232738095238094,0.0,73.63840978326573,36.46547619047619,0.0,12.931509808640484,-0.06253968253968253,0.0,14.412359397234784,0.047222222222222276,0.0,4.49046591143824,-0.0012698412698412837,0.0,39335.0,4225.0,5313.0,338.0,329.0,250.0,343.0,267.0,0,11 no.jpg
52.41122507231247,55.684518845069306,50.0,102.56389022235938,110.90655646947168,105.0,14.960698369777823,-0.01293103448275862,0.0,15.166501477704276,-0.027957924707371202,0.0,4.076445674198173,-0.0042312559316672925,0.0,23220.0,3254.0,5819.0,15632.0,1625.0,483.0,206.0,119.0,0,17 no.jpg
59.5195265786116,53.61886419753086,12.0,114.24820402906403,106.46867413266504,25.5,18.962893393603046,0.0029368000626516276,0.0,24.815713727612145,0.10717362361970383,0.0,9.137328001276108,0.013117706946511081,0.0,27854.0,2379.0,11404.0,3959.0,1481.0,1072.0,821.0,1655.0,0,39 no.jpg
36.72226609148316,30.52606416740034,6.0,72.77167419824953,61.05212833480068,12.000000000000002,6.252039879760091,-0.002723121967199726,0.0,7.577108969939445,0.00866075633177045,0.0,1.371886447702281,-0.0020269855244569113,0.0,113005.0,48889.0,26143.0,2272.0,2542.0,2188.0,283.0,42.0,0,no 5.jpeg
43.845316307549474,62.90007398190806,71.0,86.46592162762454,125.34692647649659,143.00000000000003,9.212209271581132,0.029596892995848337,0.0,11.422527966554956,0.02182938261684737,0.0,3.2987279805515315,0.002477567965715842,0.0,22375.0,5733.0,13203.0,16506.0,1463.0,123.0,35.0,36.0,0,N20.JPG
48.54248753109578,30.50953995909597,1.0,96.4184859796174,60.87725684583742,2.0000000000000004,6.816603720919299,0.02334727457358738,0.0,7.9785394636631475,-0.0009208103130754861,0.0,1.3140763484269902,0.0015404209910328405,0.0,160141.0,8581.0,40460.0,13164.0,3120.0,2162.0,3343.0,791.0,0,no 8.jpg
47.54609905363032,41.139447277876734,36.0,94.08101581425132,82.07821432512968,73.0,8.74849779558581,-0.007559871978810316,0.0,10.271028314860466,-0.0010925946363536903,0.0,1.9169877439455039,0.0008497958282750167,0.0,89238.0,31565.0,48144.0,3761.0,1780.0,2119.0,2726.0,1445.0,0,no 99.jpg
56.383436910128765,47.15151204930284,9.0,112.54246613522042,94.30302409860568,18.000000000000004,4.4605834041670684,0.001924612518171246,0.0,5.484910558478692,0.01719866505599797,0.0,0.7614453012597209,-0.000900882455314211,0.0,121158.0,10671.0,16439.0,19984.0,16132.0,10481.0,468.0,31.0,0,No13.jpg
45.90626843310749,33.242399791775114,6.0,86.80223677550546,66.29728373702422,12.000000000000002,23.448084676476476,1.514930795847751,0.0,16.79723081042979,0.016660899653979214,0.0,7.074348059394012,-0.008875432525951561,0.0,74272.0,11559.0,19805.0,4377.0,2425.0,1477.0,710.0,635.0,0,No14.jpg
52.85990311053155,39.40826530612245,0.0,104.92268815010233,78.8165306122449,0.0,8.622308801541376,0.013367346938775511,0.0,9.371352610796842,-0.015272108843537415,0.0,2.395843906138959,-6.802721088433296e-05,0.0,73726.0,1814.0,12871.0,23479.0,4419.0,803.0,363.0,125.0,0,no 90.jpg
47.210975064031146,35.09748148148148,1.0,91.31311672981289,69.5928028819798,3.0000000000000004,13.392539947285544,-0.08884799122875718,0.0,17.581295593974367,-0.04279896624637797,0.0,7.136197849988374,0.014918944318270807,0.0,30090.0,7696.0,7623.0,2453.0,1211.0,1161.0,280.0,111.0,0,35 no.jpg
60.82288459691728,57.389827728271484,24.0,121.477267324018,114.77965545654297,49.00000000000001,4.050928247257479,-0.006420135498046866,0.0,4.933236876768079,0.0004920959472656211,0.0,0.46882730383023163,3.051757812500659e-05,0.0,538975.0,56863.0,44407.0,246393.0,137088.0,11984.0,5475.0,7391.0,0,N21.jpg
40.30821122253224,40.644681481481484,37.0,78.46906716922155,80.64030072832641,74.50000000000001,11.442978705242323,-0.05536847051452733,0.0,13.37569175189558,-0.06492286005168767,0.0,4.726529681195519,0.008771242853786533,0.0,24292.0,15611.0,6343.0,2813.0,627.0,345.0,376.0,218.0,0,3 no.jpg
46.86079405290566,49.950674746347204,20.0,91.69846391245902,99.90134949269441,43.5,5.620421072094417,-0.06438495425279568,0.0,18.348515150242182,1.1266768991568161,0.0,2.3658188536524647,0.002611278330376529,0.0,108984.0,13193.0,18436.0,58082.0,1428.0,9.0,0.0,536.0,0,No18.jpg
48.491849100156486,63.23434825870647,78.0,94.3568123068459,125.8619405940594,156.0,14.191818274936747,-0.052435643564356434,0.0,16.848234905038318,-0.05655445544554475,0.0,6.692686712833175,0.01845544554455441,0.0,17224.0,2623.0,17006.0,10331.0,2030.0,654.0,327.0,55.0,0,4 no.jpg
58.34315755070835,48.39922962962963,4.0,113.90845888473605,95.95395097501762,9.000000000000002,14.867663646240649,0.01762080037591041,0.0,18.393399926814933,-0.16829822225702873,0.0,6.404748232095833,0.012217088260631257,0.0,27690.0,3238.0,6179.0,10778.0,769.0,628.0,527.0,816.0,0,41 no.jpg
69.87045716373315,53.36814935902951,12.0,134.6278234267293,105.6006128702758,31.000000000000004,24.903732609038283,0.05731472023606855,0.0,23.944056718968408,0.0887526954942687,0.0,11.022742434202225,0.02610373396890253,0.0,19351.0,4169.0,3416.0,2043.0,1648.0,1354.0,2076.0,812.0,0,14 no.jpg
76.30132643327015,94.44065989454094,115.0,151.1197717535745,188.88131978908189,229.50000000000003,12.74710273125852,-0.041679590570719606,0.0,16.676345766804378,0.07905552109181126,0.0,3.1284210632466545,0.010274503722084424,0.0,19207.0,3447.0,1939.0,2511.0,8821.0,13155.0,1399.0,1105.0,0,N2.JPG
53.46241342228673,56.05138613050511,19.0,106.12362033030888,112.10277226101022,38.0,8.37176437488373,0.0031838004954853317,0.0,9.852655886856313,0.00342949571057102,0.0,1.8800286432195685,-0.0027128846665711516,0.0,111147.0,9642.0,19120.0,46324.0,1863.0,933.0,1069.0,5266.0,0,no 97.jpg
50.4637424446236,56.35415308641975,20.0,97.5944399970376,112.58183882841256,44.5,14.265128998521966,0.04561829430652365,0.0,18.373126200452276,-0.057600438562142656,0.0,5.7103843076302585,-0.018678048398465052,0.0,27146.0,2988.0,7108.0,11047.0,795.0,302.0,335.0,904.0,0,no 923.jpg
35.173639494045666,26.37038845486111,3.0,68.21416001956038,52.74077690972222,7.500000000000002,9.808001070106497,0.06629774305555548,0.0,13.511985178174376,-0.09103732638888892,0.0,4.096915136923559,-0.0029296875000000178,0.0,23093.0,8431.0,3784.0,1084.0,246.0,91.0,56.0,79.0,0,6 no.jpg
48.491849100156486,63.23434825870647,78.0,94.3568123068459,125.8619405940594,156.0,14.191818274936747,-0.052435643564356434,0.0,16.848234905038318,-0.05655445544554475,0.0,6.692686712833175,0.01845544554455441,0.0,17224.0,2623.0,17006.0,10331.0,2030.0,654.0,327.0,55.0,0,N5.jpg
78.31749011794052,85.00911156847611,88.0,154.75121888358487,170.01822313695223,177.0,15.190003958144022,0.05647028556727561,0.0,17.959923382006227,-0.0014578509561787045,0.0,5.7687849758442455,0.01217734328102218,0.0,32626.0,2554.0,17622.0,21129.0,6109.0,1928.0,1517.0,9803.0,0,N1.JPG
55.531204837460514,51.66517361661646,44.0,106.75246222520165,103.33034723323291,83.50000000000001,21.144254702513205,0.1816235928333598,0.0,20.78175153804626,-0.08236879657523398,0.0,7.7311152172894575,0.00578722054859676,0.0,23628.0,6454.0,14794.0,1773.0,959.0,719.0,620.0,1509.0,0,N16.jpg
48.113600738027245,30.031264897505164,1.0,93.50708111798511,59.7870136032901,2.0000000000000004,13.578751087645394,-0.11032900980702313,0.0,15.528481663568677,0.19360961720974382,0.0,8.03307822016467,0.024043024359379925,0.0,34772.0,2760.0,7130.0,3542.0,976.0,524.0,325.0,315.0,0,no 2.jpg
49.32019532920673,36.7246024691358,2.0,95.95221651950457,75.62048711723706,8.000000000000002,18.84710313488681,0.2919570835617511,0.0,23.496039870885856,1.29947529172214,0.0,7.624187570762415,-0.016681024355861874,0.0,30241.0,3060.0,13086.0,2084.0,705.0,632.0,272.0,545.0,0,5 no.jpg
57.29211758627766,48.06431604938272,11.0,112.4025472044351,95.35045814080978,22.500000000000004,13.677344632455164,-0.007831466833738065,0.0,15.259870556663904,0.13611089357036574,0.0,5.225176681284593,-0.009867648210509847,0.0,29136.0,2535.0,10896.0,3348.0,1578.0,1046.0,1030.0,1056.0,0,21 no.jpg
36.33299648061351,29.71772234819854,6.0,72.20950707823565,59.43544469639708,11.000000000000002,5.286458038263392,0.005754598135550512,0.0,6.0596573635796,0.0036684303350970216,0.0,1.2113991948969962,-0.00015117157974300438,0.0,229296.0,100991.0,44601.0,12071.0,8299.0,1369.0,206.0,67.0,0,no 94.jpg
78.12436254170477,85.88604067985511,96.0,152.53909991753258,172.73429817605074,201.0,23.81807066870339,1.0418318794607455,0.0,26.287107142684704,-1.2259714512291835,0.0,5.7063816270410275,-0.00598731165741473,0.0,20423.0,2081.0,2522.0,6966.0,7606.0,6833.0,1835.0,1980.0,0,20 no.jpg
59.61149881787261,53.661108591584785,12.0,118.37321836728346,107.32221718316957,24.500000000000004,8.790588946707118,-0.003618039808515999,0.0,10.991007274868222,0.0025497606449987414,0.0,1.9564314194144636,-0.00043335852859662747,0.0,218063.0,19100.0,90074.0,31258.0,10882.0,8013.0,6089.0,13421.0,0,no 7.jpeg
58.11370400410239,69.16968952954221,73.0,112.40879216667324,138.33937905908442,147.00000000000003,19.179865263759304,-0.005148107080627277,0.0,21.104046862643308,0.04276888959290355,0.0,7.734584254992067,0.011880247109139916,0.0,19415.0,3193.0,12308.0,8644.0,3122.0,1772.0,1179.0,871.0,0,no 6.jpg
33.70310716268547,32.14202821869488,10.0,66.5766710380088,64.28405643738976,19.000000000000004,6.877240037785457,0.03945074326026707,0.0,7.870203843918233,0.015051650289745496,0.0,1.3806812881912605,-0.0005996472663139356,0.0,222186.0,109975.0,47240.0,10687.0,4768.0,1448.0,453.0,143.0,0,2 no.jpeg
51.9077928387391,57.00429389312977,47.0,103.154965381053,113.76362944162436,94.5,7.461614845249188,0.008832487309644716,0.0,8.557417630835943,0.01157360406091371,0.0,2.0131690834185596,-0.0023604060913705546,0.0,72808.0,11869.0,39325.0,21285.0,5771.0,2309.0,1380.0,2453.0,0,No15.jpg
78.56228223722543,65.40100111234705,3.0,153.3913554147854,130.21911578614362,9.500000000000002,21.725611398750402,-0.0020167668459349026,0.0,23.123315877919918,0.008897500790889183,0.0,10.63160828031375,-0.033968680797216065,0.0,28066.0,1507.0,1943.0,4823.0,4617.0,5150.0,3306.0,932.0,0,25 no.jpg
81.82901841001804,76.31329706537714,51.0,161.9941077161949,152.62659413075428,108.00000000000003,15.730306121866755,0.062283696012895205,0.0,16.186365858192385,0.001315602332527341,0.0,5.693612894449944,0.0013630114255914472,0.0,81201.0,5669.0,9160.0,20356.0,15327.0,17346.0,13745.0,5940.0,0,45 no.jpg
44.36528253456749,50.66469723183391,20.0,88.47349180826716,101.32939446366782,39.50000000000001,3.8648609755189236,-0.03856401384083045,0.0,5.4277266493061145,0.02843425605536328,0.0,1.0745559122562736,0.009576124567474061,0.0,252257.0,39929.0,47264.0,107088.0,8956.0,6080.0,818.0,8.0,0,No19.jpg
51.154450819535704,51.217116256863214,32.0,99.35083081418016,102.1464834468557,67.0,20.473199647942128,1.8674560430856961,0.0,12.047503582423335,-0.196301283066688,0.0,2.356329729385018,0.006534135910026919,0.0,25098.0,4567.0,5265.0,13604.0,1012.0,37.0,240.0,445.0,0,33 no.jpg
43.21921501533474,54.00508417508418,62.0,82.86489347127244,108.01016835016836,123.50000000000001,14.458293511419074,-0.09501683501683501,0.0,19.297789542288772,0.12922558922558924,0.0,4.851678085196801,0.013265993265993202,0.0,10740.0,4558.0,11351.0,1184.0,802.0,788.0,271.0,6.0,0,34 no.jpg
65.5035454531418,44.60166044444444,1.0,130.77208594155343,89.20332088888888,2.0000000000000004,5.043791930536136,0.001720888888888889,0.0,5.954018618249729,-0.004430222222222231,0.0,0.7932267974251022,-0.0003697777777777797,0.0,375818.0,24176.0,9103.0,39185.0,78175.0,23516.0,7346.0,5181.0,0,no 10.jpg
42.57893132146667,43.91635448256724,44.0,81.03487504620816,87.10458903033161,89.50000000000001,17.30971259893912,-0.015637278013515638,0.0,18.239898467704844,0.017680339462517628,0.0,6.887041901675047,0.009665252239509673,0.0,20721.0,17900.0,7143.0,2239.0,1159.0,612.0,463.0,214.0,0,8 no.jpg
48.47949225252786,50.95726177437021,19.0,96.39425284651374,101.91452354874042,38.0,6.579003408608442,0.00014238773274917381,0.0,8.03263004998531,0.031883899233296834,0.0,1.1769649222938101,-0.00010952902519167573,0.0,194911.0,23083.0,88844.0,43191.0,4407.0,3134.0,2273.0,5357.0,0,no 96.jpg
59.61149881787261,53.661108591584785,12.0,118.37321836728346,107.32221718316957,24.500000000000004,8.790588946707118,-0.003618039808515999,0.0,10.991007274868222,0.0025497606449987414,0.0,1.9564314194144636,-0.00043335852859662747,0.0,218063.0,19100.0,90074.0,31258.0,10882.0,8013.0,6089.0,13421.0,0,No11.jpg
54.55147859592076,72.67467443658202,71.0,107.86541857607457,144.73129812981298,140.00000000000003,12.03275291624253,-0.25392896432500384,0.0,14.439167022825853,0.09331290271884339,0.0,2.9919967651189117,0.0015322960867514641,0.0,15969.0,7696.0,8070.0,11295.0,3691.0,2381.0,728.0,621.0,0,28 no.jpg
36.679713908064755,30.551782716049384,5.0,71.1892991366748,60.56464875871251,11.000000000000002,10.911162040120491,-0.07659174563395726,0.0,12.86328685442026,-0.07854961234239176,0.0,3.773906784784728,-0.011355626908920058,0.0,29267.0,12946.0,6507.0,578.0,716.0,525.0,82.0,4.0,0,no 100.jpg
67.47344610555658,88.08052598124901,91.0,133.20543959110003,175.43297216070863,182.00000000000006,14.900650878122539,0.28151692502372666,0.0,16.120595519739823,-0.06093799430559973,0.0,5.022140763754169,0.0024122113255299104,0.0,14554.0,1907.0,10345.0,9648.0,5919.0,4092.0,2517.0,1362.0,0,15 no.jpg
52.73023831712461,39.5399304520616,0.0,103.73451131239021,78.36712350346566,0.0,11.58905016711448,-0.033160050409577785,0.0,12.809261724192735,0.046156269691241404,0.0,4.2271307357581565,-0.008034026465028345,0.0,31465.0,842.0,5567.0,9957.0,1947.0,344.0,149.0,54.0,0,12 no.jpg
38.074319639359985,35.413982832425646,32.0,74.76905490687885,70.66463578231901,65.50000000000001,9.343216496035057,-0.000637213254035684,0.0,10.433498230402911,0.0057349192863211515,0.0,3.0610987942148036,-0.0011290971694316325,0.0,88749.0,59797.0,18867.0,5478.0,3241.0,1824.0,476.0,44.0,0,7 no.jpg
40.32983869526016,46.69933569148477,47.0,79.78370325806144,92.40218504609082,93.00000000000001,8.106061591689254,-0.08000455217935586,0.0,9.467300306754614,-0.013770342551496688,0.0,2.804225626456396,0.006145442130419958,0.0,14178.0,6745.0,8670.0,5156.0,24.0,0.0,0.0,0.0,0,10 no.jpg
59.50537544028831,41.943749526335736,0.0,118.49757906450174,83.79946190173463,0.0,6.761174350711043,0.015041776405412773,0.0,7.781738949355702,0.0028418551145824125,0.0,1.3131146360588766,-2.648866285230083e-05,0.0,323440.0,33423.0,62954.0,44170.0,49223.0,2396.0,2216.0,9978.0,0,no 98.jpg
50.759743708600716,56.12514114379883,19.0,100.79591425189996,112.25028228759766,37.5,7.415067294524194,0.00337982177734375,0.0,9.409709068848034,-0.008552551269531276,0.0,1.6923543288583516,-0.0002975463867187476,0.0,142822.0,13462.0,36381.0,57783.0,3848.0,1433.0,1494.0,4921.0,0,no.jpg
39.68947807523252,36.87603982951205,9.0,76.59282534073408,73.7520796590241,19.0,19.831514925313883,-0.0182907113462669,0.0,6.338121382987541,-0.001521164021164014,0.0,1.0472258392083953,-0.0003747795414462176,0.0,152688.0,24772.0,84645.0,7423.0,969.0,574.0,77.0,1012.0,0,no 89.jpg
37.95968560309527,35.52377267134976,33.0,72.54356785766792,70.74561403508773,68.50000000000001,13.347861125427388,-0.002370791844476055,0.0,16.491634807969692,0.045993361782835446,0.0,6.8192788794610895,0.020941994626205124,0.0,24921.0,17334.0,5014.0,1541.0,935.0,511.0,122.0,16.0,0,50 no.jpg
36.274852924846485,29.74265679012346,5.0,70.13323253248058,58.96005951914793,10.000000000000002,11.59621828585636,-0.09773670608504971,0.0,12.992874894952656,0.013548437622366634,0.0,5.09759409320308,0.0026626987234708854,0.0,29239.0,12931.0,5641.0,1614.0,1000.0,164.0,27.0,9.0,0,no 1.jpg
42.93776526887574,38.05017067555767,16.0,83.94374310186413,75.77781729097518,38.0,10.961942016429902,0.033625730994151976,0.0,13.284405928711644,-0.024379642800695378,0.0,4.6070419932753195,0.007309941520467803,0.0,26649.0,10955.0,7650.0,3337.0,1018.0,403.0,322.0,54.0,0,36 no.jpg
48.26124313071616,47.02770022232563,30.0,95.98428153217212,94.05540044465126,61.50000000000001,6.338706363619315,-0.004399979318546094,0.0,7.6218472970009605,0.010469986040018602,0.0,2.310013634052975,-0.0025076262861279193,0.0,194795.0,28150.0,85307.0,65129.0,6266.0,4878.0,1892.0,403.0,0,N11.jpg
64.35009380693253,71.6025452376218,66.0,127.22183233881141,142.6463646443846,134.5,12.864676229985418,0.019562806906383654,0.0,14.988014578894797,-0.01892919372722961,0.0,2.6666440640019,0.0032472675431648866,0.0,20590.0,4287.0,2956.0,8929.0,10249.0,2296.0,751.0,232.0,0,24 no.jpg
49.28699831467407,70.91242063492064,83.0,95.67014114508684,141.82484126984127,167.5,14.541874206654963,0.06904761904761905,0.0,18.299974556724663,0.05325396825396822,0.0,4.206438510582398,0.0014285714285715001,0.0,17125.0,4947.0,8152.0,15006.0,3846.0,864.0,305.0,155.0,0,26 no.jpg
48.42885815837882,30.844525,5.0,93.98010872039627,61.68905,11.5,15.855804713022296,-0.009050000000000051,0.0,15.926000389222024,-0.0060500000000001325,0.0,6.641684796608464,-0.015749999999999965,0.0,27470.0,5551.0,3092.0,1255.0,1057.0,820.0,479.0,276.0,0,19 no.jpg
60.284259207159955,36.183822222222226,0.0,115.48512416631787,71.72863967421098,0.0,22.104090591658508,-0.1509123658861305,0.0,22.06291709914666,0.018482261727621668,0.0,11.918179883510437,0.007831466833737923,0.0,35494.0,1983.0,3438.0,3197.0,4402.0,987.0,280.0,844.0,0,37 no.jpg
48.49852283145531,30.591011904761906,1.0,94.806405407133,61.18202380952381,2.0000000000000004,12.851337523818625,0.08980158730158734,0.0,15.307828182480236,0.03242063492063487,0.0,4.5471652684692465,0.00734126984126981,0.0,34789.0,1923.0,8792.0,2850.0,704.0,454.0,706.0,182.0,0,13 no.jpg
51.630826211585905,34.7967012345679,0.0,100.87348953271994,71.16653614221944,0.0,13.979177653641147,0.4198057796225233,0.0,20.556001794271964,0.9545383350301514,0.0,7.264131356533094,-0.04217244889967888,0.0,33429.0,1858.0,7433.0,4848.0,1814.0,759.0,331.0,153.0,0,32 no.jpg
43.1853325181119,48.32306172839506,17.0,83.30270662541898,96.07529955360638,34.50000000000001,13.14797025390932,-0.3217558148641239,0.0,16.49221192263217,0.32230401754248583,0.0,6.796041740714842,-0.010376693554702863,0.0,27527.0,4273.0,11842.0,4570.0,1418.0,504.0,261.0,230.0,0,no 3.jpg
55.09386068808742,64.84577420711875,54.0,109.25268974746396,129.45441330030098,108.50000000000003,8.803384627297307,0.06087098953747878,0.0,10.658762445612842,0.009315943571999013,0.0,3.377856909836833,0.005016277307999433,0.0,88607.0,12486.0,19520.0,54310.0,9867.0,5049.0,2698.0,2385.0,0,44no.jpg
63.296321081026264,47.699291548215335,1.0,123.0888520050505,95.02498876404495,2.0000000000000004,16.623328519927323,0.04350561797752809,0.0,22.67638575728628,0.009528089887640513,0.0,7.411207133446729,-0.029752808988764045,0.0,26728.0,1298.0,2320.0,10760.0,965.0,472.0,698.0,1081.0,1,Y114.JPG
58.852404445979516,85.56926993275697,93.0,115.13066740709326,171.43074712643678,183.75000000000003,14.511975658327518,0.8258429118773947,0.0,19.187215076468824,-0.0013218390804598228,0.0,3.1759911421639258,0.0023563218390804494,0.0,26551.0,7254.0,21000.0,32107.0,7216.0,4102.0,3152.0,2718.0,1,Y183.jpg
55.921098754921026,70.31197414949396,75.0,109.86316008663103,140.62394829898793,151.50000000000003,13.843242964578488,-0.027679551274234906,0.0,14.854642496630136,0.0629801243750764,0.0,5.14418456502335,0.0072552127789293494,0.0,20308.0,6834.0,23902.0,5259.0,3856.0,2811.0,1743.0,895.0,1,Y39.jpg
77.55886495401958,93.5189802268393,96.0,154.19170649824375,185.47338055069235,190.50000000000006,12.198647271057988,0.0019497055546714077,0.0,13.607381038207143,-0.023436256565335094,0.0,3.273449375630239,-0.003382142288715605,0.0,15417.0,2806.0,6577.0,10254.0,4414.0,3769.0,2400.0,4178.0,1,Y65.JPG
60.098680307733254,65.97097919577506,80.0,119.33489234156409,131.56924099496382,160.0,9.899046434432078,0.0046527085410435825,0.0,10.631865106702115,0.008078329115218429,0.0,1.9461424026395586,-0.0008180586445790767,0.0,57945.0,5509.0,59613.0,12838.0,7535.0,6339.0,3590.0,2657.0,1,Y76.jpg
57.04677621588058,55.544276543209875,44.0,110.92342428332115,111.72382332210823,104.00000000000003,18.071186233731435,1.0726368548829195,0.0,18.30016708212412,1.1597227660740856,0.0,5.850743301459472,-0.002701856057639597,0.0,24367.0,2569.0,8490.0,10989.0,1810.0,1362.0,898.0,140.0,1,Y4.jpg
60.4827971519694,66.23463428463428,69.0,119.01580492750504,132.46926856926856,139.00000000000003,14.503774041330724,-0.031468531468531534,0.0,15.468666382219332,0.04254394254394258,0.0,4.274489481604318,-0.004592704592704579,0.0,43930.0,6100.0,20089.0,19513.0,9916.0,3259.0,1064.0,1949.0,1,Y156.JPG
50.281585300869295,50.11130543099153,17.0,98.78271926945324,100.22261086198306,34.50000000000001,16.95313246752907,1.0928649725959143,0.0,8.0336836679178,0.5402590931738914,0.0,1.220920660874413,0.0006875934230194368,0.0,112294.0,14450.0,30518.0,33477.0,4322.0,935.0,2839.0,1865.0,1,Y35.jpg
64.25780657189708,61.420025265007965,36.0,126.5073428597459,122.02907027498908,71.75,14.641783904660477,-0.17717154081187256,0.0,15.178290223252421,-0.006198166739414955,0.0,7.5687094767613114,-0.0037974683544303896,0.0,43824.0,7781.0,7268.0,14681.0,11940.0,3297.0,601.0,1643.0,1,Y248.JPG
69.57858566087637,103.52750134480904,115.0,137.150070563104,207.05500268961808,229.50000000000006,16.31533788118044,-0.06383360229514072,0.0,16.407324506767598,0.014613591536668353,0.0,4.379684097664921,-0.0024654832347139866,0.0,20297.0,4798.0,6922.0,25587.0,20784.0,1739.0,1523.0,7582.0,1,Y75.JPG
40.6674598834974,37.74617004394531,21.0,79.57257502025475,75.49234008789062,44.5,10.336501803126007,0.018524169921875028,0.0,12.539325456409626,-0.006561279296874967,0.0,4.415442853387338,-0.001983642578125004,0.0,35047.0,13404.0,11738.0,2758.0,1682.0,861.0,46.0,0.0,1,Y194.jpg
69.47503406450929,75.78613659531091,79.0,137.31199444469522,151.57227319062181,158.50000000000003,15.18482461553566,0.05973496432212038,0.0,14.102499415502066,0.011926605504587098,0.0,4.803588286476393,-0.007441386340468923,0.0,16496.0,2044.0,3053.0,8012.0,5755.0,666.0,2061.0,1153.0,1,Y1.jpg
59.994709227131764,102.38272394413546,85.0,117.8692219156946,204.65360549575567,170.50000000000003,15.168491654540697,0.3546206353373589,0.0,16.21458724028881,-0.06004054724191251,0.0,4.303891104864222,0.00272016568944897,0.0,1056.0,60724.0,124939.0,30764.0,12564.0,9611.0,7996.0,26008.0,1,Y180.jpg
78.5630092413716,131.45899146695714,153.0,153.52622601378576,262.9179829339143,305.5,19.485394975067415,-0.8657407407407407,0.0,26.83637103288225,-1.4949164851125638,0.0,3.9278359665919624,0.002224037763253469,0.0,17174.0,4197.0,3816.0,7278.0,15458.0,24214.0,6065.0,9926.0,1,Y111.JPG
54.40634776241177,65.14377521343465,76.0,107.80384644516366,130.2875504268693,153.00000000000003,9.911713882149234,-0.0048785064264940635,0.0,10.832879368938306,0.0007036307345904756,0.0,1.714650676028016,-0.0005159958720330525,0.0,57790.0,15163.0,54446.0,28062.0,6150.0,3562.0,3161.0,2210.0,1,Y7.jpg
58.051794419299554,93.3472390470422,85.0,114.92845218016356,186.6944780940844,171.0,11.374966830253733,0.06369876842317791,0.0,11.676702872180496,0.015293761356753605,0.0,2.3988885507100357,-0.001615182717544867,0.0,9827.0,24743.0,12985.0,11243.0,6757.0,6259.0,6236.0,1198.0,1,Y113.JPG
46.2119108354483,44.707904570278814,45.0,91.14477544500315,89.27700068791562,90.50000000000001,9.0635932289482,-0.001146526026140776,0.0,11.406650679606127,-0.032293816402965664,0.0,2.3187161317561173,0.00745241916991516,0.0,48884.0,24100.0,14701.0,10683.0,4462.0,1185.0,330.0,25.0,1,Y246.JPG
43.946893525673964,73.42357931458247,79.0,86.98112502306263,145.74650322175074,157.00000000000003,9.756711082364468,0.20265597988370265,0.0,11.282571921489476,0.044004400440043945,0.0,2.686015284872216,-0.0007072135785007547,0.0,9068.0,7325.0,25581.0,3944.0,1936.0,1349.0,1243.0,5.0,1,Y254.jpg
58.67537373227134,64.74333807070528,72.0,116.5822612832601,129.18831974477135,144.50000000000003,8.743932263124098,-0.018663594470046115,0.0,10.129304522395017,-0.0028358738036157846,0.0,2.743729174198311,-0.0027649769585253465,0.0,94303.0,13495.0,51395.0,33642.0,14140.0,11949.0,5204.0,1032.0,1,Y61.jpg
65.04721679463408,106.49121196824377,118.0,128.57909088647776,213.85745507527926,235.50000000000003,15.464537551341506,-0.13428848955803788,0.0,21.176534193444866,-0.45835356969402624,0.0,7.717692436045083,-0.04006799417192812,0.0,13617.0,3797.0,6487.0,12416.0,17864.0,6745.0,2189.0,2258.0,1,Y148.JPG
58.30262096549727,91.06624615882258,82.0,115.12171655752475,181.60019323671497,164.50000000000003,12.88536836794358,0.09326892109500788,0.0,13.23128350294873,-0.013784219001610334,0.0,3.258510416605366,0.004057971014492749,0.0,8906.0,19233.0,9857.0,8449.0,5096.0,4677.0,4706.0,906.0,1,Y59.JPG
52.99505148126853,80.08046868783322,86.0,103.9015550138549,159.55496594329162,173.0,13.761842469103328,0.06613337557421191,0.0,15.840261148474516,-0.02875019800411854,0.0,5.325861068391128,-0.009266592745129143,0.0,13457.0,2636.0,16150.0,12392.0,1840.0,1026.0,1717.0,1050.0,1,Y250.jpg
68.46743453348057,93.27406134320465,89.0,136.08232547220805,186.5481226864093,178.50000000000003,9.133782800264095,0.001815617838885919,0.0,12.025007902211593,-0.5639167988718492,0.0,2.1010120374805576,0.00037017451084081244,0.0,34445.0,15172.0,9630.0,18998.0,14619.0,7108.0,8000.0,5488.0,1,Y112.JPG
71.24044895163661,66.6903616024974,61.0,141.9160040166121,133.3807232049948,122.50000000000003,8.297700551919485,0.0038969823100936524,0.0,9.445993628509937,0.0026795005202913677,0.0,1.6048105237143089,0.0014203954214359977,0.0,158459.0,38197.0,96287.0,24845.0,16166.0,16803.0,13764.0,19879.0,1,Y74.jpg
64.20430578131014,81.01066395663956,85.0,127.71861162918746,161.58883783783784,169.50000000000003,10.685923899940757,0.0018378378378377394,0.0,9.197451631644244,0.015324324324324233,0.0,1.549803483383419,0.0010270270270270236,0.0,39111.0,13575.0,37387.0,37059.0,4310.0,3843.0,4589.0,7726.0,1,Y11.jpg
44.64815201829356,61.62500505356782,75.0,87.83316914331928,122.9032634971797,150.50000000000003,9.476828883882456,-0.017042707493956522,0.0,13.004370766460424,-0.08066075745366631,0.0,2.8131445868700915,0.004109589041095902,0.0,38245.0,7832.0,30235.0,18594.0,1841.0,1038.0,792.0,363.0,1,Y45.JPG
60.88459220320031,68.15316666666666,80.0,120.32815452336999,136.30633333333333,161.25,11.703343585631131,0.046833333333333296,0.0,13.888761974420138,0.003611111111111124,0.0,4.35905119928921,-0.002444444444444468,0.0,26947.0,4910.0,14888.0,16518.0,3624.0,1843.0,1839.0,1431.0,1,Y20.jpg
50.10373605604541,58.37609591607344,65.0,99.00631964660363,116.75219183214688,129.5,10.303259953342948,0.019595354065192958,0.0,11.343622970427878,-0.018358935931060343,0.0,2.1096097855693436,-0.0038591232671412483,0.0,38686.0,13038.0,37202.0,7502.0,5905.0,2293.0,2042.0,92.0,1,Y195.JPG
48.08114267062208,57.78334358974359,66.0,94.1744678103024,115.25938650306749,132.00000000000003,14.402284751317094,0.0013087934560326827,0.0,12.835582578443892,0.027280163599181985,0.0,5.304270501051086,0.003312883435582814,0.0,31751.0,14069.0,39795.0,4009.0,3684.0,2579.0,1069.0,544.0,1,Y38.jpg
60.14815995011507,65.94161627614008,80.0,119.84310117293728,131.88323255228016,160.0,7.056800780165165,-0.005668934240362777,0.0,7.614150625256868,3.779289493576826e-05,0.0,1.030496722868685,0.00040312421264801555,0.0,117969.0,11035.0,121205.0,26319.0,15307.0,13096.0,7192.0,5397.0,1,Y69.jpg
60.899093370164145,41.730112785707156,1.0,119.07302683875616,82.71881924659702,2.0000000000000004,15.689981866069543,0.04621715732826844,0.0,17.89411662830516,0.10113960113960116,0.0,4.423892416099413,-0.002295030072807892,0.0,30875.0,4552.0,5038.0,5000.0,1787.0,864.0,718.0,1261.0,1,Y67.JPG
88.49038809094971,86.68647168059424,69.0,174.78213391096014,172.89135185185185,143.25,17.57155684831971,0.013981481481481515,0.0,20.656090404678267,0.018092592592592573,0.0,5.85008619046515,-0.000907407407407409,0.0,48953.0,4214.0,4122.0,10338.0,12520.0,9122.0,10074.0,8357.0,1,Y153.jpg
38.360443301979856,54.67080311744603,64.0,75.74310129514345,108.97142857142858,129.5,7.49548070065665,0.0366694352159469,0.0,10.369539183046282,0.009302325581395415,0.0,1.6314281697066995,0.002782392026578081,0.0,30592.0,15773.0,41592.0,4267.0,2344.0,1176.0,231.0,1.0,1,Y242.JPG
71.24044895163661,66.6903616024974,61.0,141.9160040166121,133.3807232049948,122.50000000000003,8.297700551919485,0.0038969823100936524,0.0,9.445993628509937,0.0026795005202913677,0.0,1.6048105237143089,0.0014203954214359977,0.0,158459.0,38197.0,96287.0,24845.0,16166.0,16803.0,13764.0,19879.0,1,Y55.jpg
60.883033908578454,65.55805252149663,75.0,120.37765611131825,130.72805838739575,150.0,11.610491491779598,-0.02092215013901761,0.0,14.095080705149188,-0.01290546802595002,0.0,2.812161070628467,0.00317423540315105,0.0,35389.0,3954.0,16862.0,19883.0,3602.0,2473.0,2772.0,1125.0,1,Y249.JPG
76.1140933717431,90.64035862068965,101.0,149.4660328079515,181.2807172413793,204.50000000000003,18.175903855107375,-0.19332413793103448,0.0,21.154139852544766,0.02769655172413795,0.0,7.444891113124372,-0.014731034482758655,0.0,24699.0,4823.0,5235.0,11406.0,13666.0,6235.0,1983.0,4453.0,1,Y73.jpg
55.803244903623245,55.22904426370042,56.0,110.95461537258787,110.06958913242771,112.5,8.215144908018138,0.017001416784732118,0.0,8.569523614057728,-0.008500708392365964,0.0,1.735730931973287,0.0031669305775481327,0.0,38963.0,13975.0,32274.0,2567.0,1215.0,1092.0,4289.0,1279.0,1,Y253.JPG
49.86174854519811,68.188706617565,83.0,98.43501136271456,135.97705784204672,166.00000000000003,10.029926423900521,-0.002419354838709652,0.0,12.849289658183787,0.02032814238042275,0.0,2.6591566334439687,0.0025862068965517033,0.0,22769.0,5122.0,25407.0,12307.0,3156.0,1612.0,702.0,613.0,1,Y157.JPG
57.096401805324646,54.211166666666664,53.0,111.67077735696094,108.42233333333333,107.50000000000003,18.179199875312886,-1.3011904761904765,0.0,15.160883332652617,0.004619047619047522,0.0,2.7577255289405658,-0.004619047619047614,0.0,18082.0,7793.0,8469.0,2978.0,1768.0,1326.0,1115.0,469.0,1,Y42.jpg
48.83880714216412,59.381393021156335,75.0,96.37000278510398,118.42956947162426,150.5,10.378808042149148,-0.015362035225048901,0.0,12.225214634677029,0.0173581213307241,0.0,2.8385811221559982,-0.0011154598825831414,0.0,39636.0,5946.0,32022.0,16599.0,5648.0,1945.0,106.0,6.0,1,Y258.JPG
48.08114267062208,57.78334358974359,66.0,94.1744678103024,115.25938650306749,132.00000000000003,14.402284751317094,0.0013087934560326827,0.0,12.835582578443892,0.027280163599181985,0.0,5.304270501051086,0.003312883435582814,0.0,31751.0,14069.0,39795.0,4009.0,3684.0,2579.0,1069.0,544.0,1,Y70.jpg
45.78355622864954,40.26140149111675,30.0,88.94096631026936,80.12014678030303,60.500000000000014,12.28026419228657,0.003985164141414213,0.0,16.509954885701106,0.08218907828282829,0.0,6.3465623081205385,0.0031171085858586072,0.0,25999.0,12073.0,7865.0,1769.0,889.0,852.0,825.0,160.0,1,Y252.jpg
40.986207119730956,58.2171999907849,70.0,79.7704487368329,116.06241105449203,141.0,16.836132087623437,1.194670155625947,0.0,9.121090424628177,0.0009411008584675927,0.0,1.9218299708096087,0.0034200982417481197,0.0,28454.0,9389.0,38673.0,6884.0,2454.0,527.0,55.0,378.0,1,Y182.JPG
49.74627045381102,68.83342972816656,76.0,97.78657213971027,139.00830238613565,153.50000000000003,12.74802885335589,-0.0046740939941093025,0.0,24.739642518583928,0.818179877918641,0.0,4.058256899356759,0.006424211380031583,0.0,26964.0,9639.0,36832.0,12083.0,2946.0,2234.0,1351.0,1317.0,1,Y192.JPG
46.76228242371251,50.92656545913045,48.0,91.56191713217909,101.21907579599888,97.5,13.351362977062584,0.035643843336151025,0.0,13.086032594931009,0.007426639294771099,0.0,4.596088273226839,0.006460572394638295,0.0,42869.0,19913.0,23509.0,3916.0,4598.0,2860.0,965.0,111.0,1,Y44.JPG
74.36792817797435,75.84188303173354,85.0,146.29874481381913,151.6837660634671,170.5,17.41796119533266,-0.004458431681090981,0.0,19.71078104817163,0.0026226068712297836,0.0,5.208829011708502,-0.006608969315499616,0.0,33504.0,1454.0,8753.0,11322.0,10365.0,5242.0,3091.0,2529.0,1,Y117.JPG
49.8116481536683,59.88784497944803,72.0,97.78319959463924,119.59980048577377,144.5,11.008471319819423,-0.060331367106176266,0.0,14.57894560933804,-0.009021512838306713,0.0,3.4901961677345192,0.004857737682165109,0.0,38589.0,4758.0,22431.0,19035.0,4549.0,2119.0,347.0,134.0,1,Y193.JPG
52.403183149601055,66.84258883477634,86.0,103.81910106409453,133.68517766955267,172.0,9.06884397824959,-0.010258838383838384,0.0,10.904463315744337,0.009537337662337738,0.0,2.194817200953609,-0.001014610389610367,0.0,29201.0,4609.0,39938.0,6583.0,2828.0,4055.0,1130.0,360.0,1,Y164.JPG
46.636566818017414,71.12563775510205,67.0,91.26265608537946,141.84091898954705,133.5,8.5509750424155,-0.0006896051103368176,0.0,17.39423201335494,-0.5297981997677124,0.0,1.0465619698830082,-0.000762195121951227,0.0,10920.0,13099.0,20054.0,4326.0,2676.0,2423.0,1280.0,102.0,1,Y120.JPG
69.57176480405016,75.4327515216613,59.0,138.2915088048624,150.8655030433226,118.50000000000001,10.62658595280994,0.02411385606874327,0.0,10.920857158435986,-0.02311134980307902,0.0,2.046914271845682,0.0007339778016470214,0.0,39863.0,19700.0,15863.0,9330.0,8501.0,7386.0,9056.0,2021.0,1,Y22.jpg
69.37917409703111,76.337509927587,81.0,138.64604885963558,152.45135907027387,162.50000000000003,4.398822382178166,-0.00288563701342606,0.0,4.0899173300388805,0.005012820175091984,0.0,0.46224148708308405,0.00011964033262208207,0.0,628018.0,135507.0,365262.0,429967.0,64217.0,54710.0,27048.0,114696.0,1,Y41.jpg
61.143935707823786,60.511448120915034,40.0,121.84830559283053,121.02289624183007,81.0,6.694092629447703,0.00030637254901964497,0.0,7.749696624492709,-0.00745506535947714,0.0,1.5637102994168532,-0.00022467320261437647,0.0,47752.0,3689.0,9806.0,24828.0,5521.0,2961.0,2749.0,614.0,1,Y66.JPG
68.96235554500257,56.789728517469314,33.0,137.58880470745055,113.47312106918238,65.5,5.850217620273478,-0.015363207547169806,0.0,7.165729414760606,-0.0006430817610062981,0.0,1.016549300534709,0.0009732704402515706,0.0,633953.0,115876.0,196852.0,138755.0,64547.0,35345.0,37432.0,48040.0,1,Y108.jpg
48.08114267062208,57.78334358974359,66.0,94.1744678103024,115.25938650306749,132.00000000000003,14.402284751317094,0.0013087934560326827,0.0,12.835582578443892,0.027280163599181985,0.0,5.304270501051086,0.003312883435582814,0.0,31751.0,14069.0,39795.0,4009.0,3684.0,2579.0,1069.0,544.0,1,Y54.jpg
50.281835906400154,50.11190832087693,17.0,98.78324658796984,100.22381664175386,34.50000000000001,16.95283685167665,1.0946885899352268,0.0,8.034177275890904,0.5397110114598904,0.0,1.2190018861072731,0.0018734429496761378,0.0,112296.0,14444.0,30523.0,33470.0,4328.0,933.0,2843.0,1863.0,1,Y8.jpg
48.70122732025421,52.98376656840716,47.0,96.21278978131072,105.67619732785201,94.50000000000001,9.137094627836497,-0.02143884892086331,0.0,11.76009337563099,-0.02620760534429597,0.0,3.3264566365161743,0.0045015416238437436,0.0,43978.0,9912.0,22745.0,13932.0,4116.0,1574.0,750.0,15.0,1,Y251.JPG
55.333969907090776,67.93490092411587,78.0,109.97763544695282,135.4790263997165,156.0,9.121609720866013,-0.009589829907866802,0.0,8.914612441528615,0.023454110559886665,0.0,1.8152171609704515,-0.0011295180722891254,0.0,30440.0,6396.0,31294.0,13309.0,2305.0,1622.0,3860.0,806.0,1,Y243.JPG
41.44851059878628,46.64616326530612,56.0,80.97770416855734,93.29232653061224,112.0,11.09219002594438,-0.0037823129251700434,0.0,13.397702424005914,-0.005687074829931881,0.0,3.4630034736407462,-0.0012244897959183673,0.0,25002.0,32400.0,10931.0,1419.0,1486.0,1209.0,1028.0,25.0,1,Y62.jpg
66.843404885701,75.12772412699042,72.0,130.56639187031416,149.07417452830188,144.50000000000003,17.909222306471584,0.039504716981132004,0.0,21.366866464806165,0.01985062893081765,0.0,6.707127214201547,-0.03132861635220131,0.0,19802.0,4152.0,7390.0,10306.0,3116.0,1710.0,1734.0,2219.0,1,Y56.jpg
77.94124119869045,91.0293727052574,94.0,154.9144908379692,181.33644568938686,188.00000000000006,12.089465695499232,0.006924992219109937,0.0,13.37039499501117,-0.06395891690009337,0.0,3.232221623893067,0.008169934640522859,0.0,16815.0,2790.0,6583.0,10244.0,4447.0,3766.0,2372.0,4187.0,1,Y36.JPG
68.53847021377807,57.51712476172908,34.0,135.9932948407902,114.71276160889471,69.5,9.635301082861446,-0.0013489208633093526,0.0,13.28852205483714,0.02305428384565085,0.0,3.063555522163617,-0.0031883584041858073,0.0,45681.0,23162.0,7178.0,3944.0,5715.0,5658.0,2189.0,4051.0,1,Y244.JPG
68.96235554500257,56.789728517469314,33.0,137.58880470745055,113.47312106918238,65.5,5.850217620273478,-0.015363207547169806,0.0,7.165729414760606,-0.0006430817610062981,0.0,1.016549300534709,0.0009732704402515706,0.0,633953.0,115876.0,196852.0,138755.0,64547.0,35345.0,37432.0,48040.0,1,Y162.jpg
43.322374846367076,33.963995470290435,24.0,86.01084851425344,67.92799094058087,48.0,6.6961933193897085,-0.0012656541433520054,0.0,7.878084794170759,-0.053579358735234034,0.0,1.593890586884344,0.0016209254818367554,0.0,56466.0,18174.0,5396.0,4774.0,3334.0,1389.0,335.0,204.0,1,Y259.JPG
63.07952157391075,63.788706328428276,61.0,123.63514578692758,126.96990116801437,123.00000000000003,15.696878964060701,-0.15929919137466303,0.0,18.36711618622912,0.019766397124887675,0.0,6.930425466463021,-0.008086253369272297,0.0,19267.0,3097.0,7651.0,6697.0,3441.0,2901.0,951.0,303.0,1,Y2.jpg
48.36950604925758,58.21364466078491,70.0,95.96631652580122,116.20381241565453,139.50000000000003,9.3316906499651,-0.2001349527665317,0.0,8.172117879062606,-0.09482118758434546,0.0,1.707245693419655,0.005516194331983802,0.0,85660.0,18522.0,84614.0,31224.0,12323.0,3090.0,926.0,305.0,1,Y3.jpg
58.159694651039835,68.95823330265915,59.0,115.76649296782219,137.7967470574268,119.00000000000003,7.769916438994409,-0.0043858756487229035,0.0,7.701563168679811,0.0018215121603744368,0.0,2.778044003363403,0.0031511821172959054,0.0,240398.0,67793.0,132731.0,62487.0,29143.0,20588.0,20212.0,15634.0,1,Y46.jpg
54.87744230436737,61.505732368165646,73.0,109.06950444778843,122.58284977433914,142.00000000000003,7.715649382997979,-0.06721470019342361,0.0,9.699452663283058,0.02583010960670527,0.0,2.2980181024581534,0.0003626692456479465,0.0,42163.0,5557.0,15622.0,25335.0,6258.0,3890.0,84.0,3.0,1,Y256.JPG
58.727565597655286,45.42305224605459,20.0,116.56526718778612,90.74287028245905,41.00000000000001,9.025285053111048,0.021353548540232622,0.0,10.27621351260601,0.015247448374080215,0.0,3.857473257000386,0.005871706622359364,0.0,373901.0,74830.0,122353.0,64924.0,4351.0,4117.0,3280.0,25558.0,1,Y188.jpg
64.4208570146439,109.88573667711599,121.0,128.26374811289006,220.67807291666668,245.50000000000003,13.445021554209546,0.012413194444444444,0.0,13.280434446081435,-0.0003993055555554914,0.0,1.3344682478866157,-0.001336805555555592,0.0,26621.0,6967.0,11627.0,18503.0,31042.0,6654.0,5699.0,7727.0,1,Y37.jpg
64.4208570146439,109.88573667711599,121.0,128.26374811289006,220.67807291666668,245.50000000000003,13.445021554209546,0.012413194444444444,0.0,13.280434446081435,-0.0003993055555554914,0.0,1.3344682478866157,-0.001336805555555592,0.0,26621.0,6967.0,11627.0,18503.0,31042.0,6654.0,5699.0,7727.0,1,Y10.jpg
44.82807923951624,52.86286260938071,51.0,88.85907885856372,105.25971290082029,102.0,6.913030757481661,-0.03294183445190158,0.0,8.96123670489103,0.12451528709917975,0.0,1.6576795452462487,-0.001099925428784492,0.0,47759.0,10189.0,23350.0,22359.0,2262.0,507.0,168.0,29.0,1,Y19.JPG
56.5562471472796,45.77726273251322,32.0,111.5338205479615,90.74412942747192,65.0,11.447656451429854,0.06180790073038568,0.0,12.762907322224272,0.05026309589256272,0.0,4.573038181038032,0.010366763527841008,0.0,24950.0,12628.0,5498.0,1349.0,2365.0,2117.0,1053.0,521.0,1,Y245.jpg
57.86259186587114,67.495323488045,73.0,114.11153758099371,134.99064697609,147.0,11.87990056463122,-0.016619784341303373,0.0,14.835376295273381,-0.01797937177684009,0.0,3.107106991650364,0.0002578527894983286,0.0,32059.0,3879.0,26919.0,9818.0,5287.0,3894.0,3257.0,207.0,1,Y163.JPG
49.62455983308813,55.31551451109237,62.0,98.03686047420018,109.81291118421052,122.00000000000003,10.135900628100389,0.016506109022556364,0.0,11.80572107558263,-0.028312969924812092,0.0,2.5990372011028673,-0.005286654135338303,0.0,27205.0,7234.0,25026.0,3139.0,1146.0,2601.0,1187.0,31.0,1,Y165.JPG
68.02376563825244,71.7927471969663,82.0,134.2341201496772,142.49685925925925,163.00000000000006,14.736567945397868,0.009925925925925873,0.0,15.935498791320455,-0.05371851851851837,0.0,5.446000224697702,0.00026666666666672143,0.0,28347.0,3202.0,6790.0,13934.0,7746.0,3950.0,1523.0,1489.0,1,Y116.JPG
64.93976181199062,85.38761708505058,88.0,129.45049180581287,170.77523417010116,176.50000000000003,7.3333548816302905,-0.015211689771449896,0.0,7.426776260721784,0.0008617459722742623,0.0,1.5249558438509798,-0.0024728362682653084,0.0,38072.0,11669.0,8913.0,27495.0,7243.0,2702.0,3452.0,7214.0,1,Y58.JPG
58.23158941978368,63.35321872015282,68.0,115.31980840539755,126.37190476190476,137.0,10.253015904802206,-0.0238666666666666,0.0,12.148143877871235,0.01746666666666666,0.0,3.556406539461273,0.001047619047619026,0.0,45153.0,6347.0,23219.0,15531.0,6394.0,5377.0,2273.0,406.0,1,Y71.JPG
70.89320513001077,108.36219146482122,128.0,140.19989036292125,216.1290804597701,255.50000000000006,14.02503257099672,0.01951724137931035,0.0,16.316477650127837,0.009264367816092038,0.0,4.328827319152784,-0.0010804597701149549,0.0,25701.0,3782.0,3590.0,10093.0,28481.0,4563.0,3743.0,6747.0,1,Y17.jpg
65.0993699139587,92.2096349745331,93.0,128.84697743065382,184.4192699490662,185.75000000000003,12.4868543260417,0.06837011884550094,0.0,13.703241216292321,-0.04752122241086589,0.0,2.5418432278721625,-0.003039049235993178,0.0,30703.0,10869.0,19451.0,24808.0,17226.0,4813.0,3308.0,6622.0,1,Y181.jpg
51.544597360364584,44.59850592088687,14.0,102.73440428000035,89.19701184177374,28.0,5.994714102175212,-0.005850340136054418,0.0,6.002569924943768,-0.006797682035777276,0.0,1.0279680979049353,-0.0019198790627362162,0.0,222125.0,18107.0,94647.0,34002.0,15313.0,7763.0,3043.0,1900.0,1,Y9.jpg
61.19813431332164,65.4105461393597,71.0,120.52486949316234,130.53000403551252,144.5,9.285151778454066,-0.056194511702986276,0.0,18.244220488908578,1.183353510895884,0.0,2.0737534188920734,0.0008676351896691198,0.0,41771.0,4941.0,16421.0,19355.0,10474.0,2813.0,2027.0,964.0,1,Y18.JPG
62.103478008346706,143.77254141886152,154.0,123.19984989514151,288.2303959627329,308.00000000000006,8.740484600754291,-0.0359789666854884,0.0,16.47863670883252,-1.0305088932806323,0.0,1.7363928150595174,-0.0005822981366459443,0.0,7538.0,7961.0,9127.0,19699.0,16141.0,23132.0,18514.0,10880.0,1,Y147.JPG
63.13386088011451,84.99309164733178,95.0,125.45513090276427,169.62206018518518,190.50000000000003,10.506879775897861,0.036203703703703724,0.0,10.562776749378667,-0.1470138888888889,0.0,2.1982000192793985,-9.259259259257714e-05,0.0,45716.0,8720.0,32223.0,58813.0,9480.0,6549.0,3934.0,6965.0,1,Y154.jpg
45.01431907129682,54.02696729620145,60.0,89.83790972162966,107.9157582054561,120.50000000000001,4.071923474103015,0.002922527706734868,0.0,4.6978400781973475,0.005506713554987207,0.0,0.4495776690263364,-0.0013720161977834636,0.0,265611.0,128926.0,242773.0,80923.0,14569.0,9207.0,5017.0,2734.0,1,Y257.jpg
74.83178904029889,73.05962829117192,69.0,148.13192626717193,146.11925658234384,137.50000000000003,14.821515210984414,-0.024832214765100672,0.0,14.759267555609808,-0.005524006195147101,0.0,4.313361228476405,-0.00030975735673722214,0.0,33276.0,4673.0,11927.0,12241.0,5004.0,3516.0,1657.0,5186.0,1,Y115.JPG
72.02101339836074,91.89456869009585,90.0,142.57499912345028,183.30716560509555,181.50000000000003,13.978243091825403,0.14633757961783433,0.0,14.919551092129279,0.02411535739561215,0.0,3.0208819783627114,0.004900920028308534,0.0,43974.0,6312.0,8834.0,17810.0,10452.0,8816.0,14375.0,2107.0,1,Y16.JPG
81.05153749150817,93.06771453520679,114.0,159.54701807920287,185.38591081593927,225.00000000000006,17.80670545483099,0.01502213788741303,0.0,21.78327940192936,-0.04032258064516134,0.0,7.9611074849519,-0.020793801391524303,0.0,19228.0,2655.0,1437.0,4570.0,10968.0,5829.0,2531.0,3170.0,1,Y21.jpg
56.02973681366212,63.170476235922884,63.0,110.60452355822406,126.34095247184577,126.5,10.834888060362582,0.02300057262836419,0.0,14.016991074818979,0.005487688490169901,0.0,3.177042786762831,-9.543806069857541e-05,0.0,28086.0,14577.0,25316.0,7177.0,3153.0,1918.0,891.0,2706.0,1,Y247.JPG
47.14177835195548,54.4846259807151,64.0,92.98308545793282,108.24888180433955,127.50000000000003,11.495780222895165,-0.0052578987438142155,0.0,11.11160001886899,0.0007851161020175672,0.0,3.6286056340311337,-0.007637038446897597,0.0,29796.0,11512.0,32484.0,3429.0,3361.0,2000.0,692.0,211.0,1,Y255.JPG
57.24417078233605,46.52909469604492,6.0,113.84740269158921,93.05818939208984,12.5,7.481436434923234,-0.009071350097656236,0.0,9.35573258321303,-0.01337432861328129,0.0,1.6874142580406783,-0.0018081665039062305,0.0,150345.0,8194.0,56531.0,20268.0,10947.0,8246.0,7126.0,487.0,1,Y107.jpg
70.6051434945535,75.59135847342117,71.0,139.78988292554786,150.86489670170351,142.00000000000003,12.45169205409948,0.10248278361725255,0.0,14.525921509540114,0.052537151141718134,0.0,3.5944321059984947,-0.0012866980790141168,0.0,36575.0,12578.0,31445.0,7853.0,5244.0,5550.0,4659.0,6146.0,1,Y155.JPG
72.92483316506531,110.57003139673807,111.0,141.81320045872903,222.15874861572536,224.50000000000003,32.20460615864874,0.14523809523809525,0.0,17.95989885236606,-0.8957918050941309,0.0,3.7690357519584134,-0.008527131782945695,0.0,14077.0,4212.0,9998.0,17416.0,11503.0,2955.0,3706.0,8115.0,1,Y109.JPG
56.03246072179588,83.06596830513027,86.0,109.9886688331039,165.7944569448909,172.0,12.005341633594517,0.05132326154505521,0.0,17.79845631132476,-0.9463909425336622,0.0,2.5630805976977564,-0.005571627558127117,0.0,31836.0,10735.0,23589.0,29541.0,7440.0,2021.0,2182.0,4346.0,1,Y40.JPG
69.16070023565051,96.61114985734342,95.0,137.94790712260172,193.7714635551714,192.0,9.096367077560329,0.021679631230193012,0.0,15.896894778020341,-0.8533563814462692,0.0,2.0167783665368946,-0.0016565831172572572,0.0,30663.0,15186.0,9640.0,18992.0,14623.0,7097.0,8017.0,6187.0,1,Y146.JPG
60.27393528443932,66.2337016024684,69.0,117.07146080174009,131.49210858585857,139.00000000000003,18.90715788740762,-0.09106691919191909,0.0,19.955351875837902,0.06676136363636354,0.0,6.824149716944447,-0.008364898989899013,0.0,20847.0,2831.0,9543.0,9338.0,4709.0,1572.0,530.0,865.0,1,Y60.jpg
