taruma_contrast,taruma_directionality,taruma_coarseness,taruma_linelikeness,taruma_regularity,taruma_roughness,entropy,fractal_dimension,haralick_0,haralick_1,haralick_2,haralick_3,haralick_4,haralick_5,haralick_6,haralick_7,haralick_8,haralick_9,haralick_10,haralick_11,haralick_12,condition,name
239.24845454545454,1.7424984859318255,1323.3568807865583,29.862396694214876,36.37797246668041,43.02268522244364,6.271751176659139,1.4703648158884055,0.010303595946180426,499.61743440049935,0.8651408415603304,1852.2518030604406,0.3009181335838218,87.7872786357728,6909.389777841263,7.215349714114815,10.833064677140468,0.00030546895172633623,4.689463423378076,-0.27687302460811325,0.9837377316310979,0,no 4.jpg
292.16034732709153,1.5595088615931536,3390.6909103714675,25.529266082754454,58.22963944909386,64.80027233821328,5.700452287170558,1.273756132655383,0.08433811635311518,518.7991289791238,0.9381916346200896,4197.050881361056,0.3935259868909624,135.77028040910596,16269.404396465106,6.593456623476124,9.663566038099239,0.0004866017958782948,4.40337743302157,-0.3110860283139709,0.9851771217706051,0,no 95.jpg
144.33743678466863,1.6251530981909186,2829.588674875389,13.646449704142011,53.193878171039465,56.94951892601813,5.543257961000489,1.1693849662926077,0.044647201723732974,254.1059392185271,0.9608966726478184,3248.616832984226,0.5089008982932368,106.08981396500688,12740.361392718376,6.441626162743587,8.825001510089534,0.0007686233540137457,3.5137537256232423,-0.41038571401854645,0.9944585691294652,0,No21.jpg
174.1565160950183,1.6927600915061645,586.2925964305728,20.77480900843546,24.213479643177532,30.103806781262847,5.85411475072168,1.336481038525958,0.017347990683195477,286.8126482057303,0.8369875174938515,884.2895713142133,0.4277269670169771,107.81682269319292,3250.345637051123,6.6882623459107275,9.699257069750882,0.0006323328321917933,3.8901845831450195,-0.3433468298628578,0.9900712644003629,0,no 92.jpg
57.06413167938931,1.7333336447492227,2523.6605658372264,12.97385496183206,50.23604846957239,51.9077928387391,6.201082805397711,1.127882030879639,0.016353932082149414,99.024125109168,0.9816351632491966,2695.881846772208,0.4346576450815798,114.37260472129158,10684.503261979664,7.156186500480569,9.758460743016505,0.0006135329296301874,3.531199909056772,-0.42815704742948324,0.9973925693362832,0,No17.jpg
49.13139281108031,1.7777087328482712,1627.1290949209545,7.899413836913837,40.337688269420624,42.21517938049524,5.994184258380846,1.17354859297761,0.005358654622227913,83.56585036444596,0.9765436369512245,1781.195121238501,0.34856433183113494,72.83634886190825,7041.214634589558,6.941683047589196,9.924714690986647,0.000510569132173189,3.5759612225042208,-0.34527818040065666,0.991327511889485,0,No20.jpg
282.0812912229816,1.7959398968726914,1897.8856576116189,52.012178162746345,43.56472951381219,50.854606925471124,7.148672885990922,1.5179720454953438,0.001196192919664714,537.3795270421449,0.8948071733642673,2557.343374959882,0.12812018405342473,240.80136656403866,9691.99397279738,8.051793745754656,12.76999552364975,0.00012412395938023893,5.328479422067848,-0.21353565906431862,0.9749661047143916,0,30 no.jpg
201.2321453393701,1.5311734845429417,2236.0043019834534,24.16924818300965,47.28640715875392,52.41122507231247,5.514369765219267,1.3213127749857283,0.09808413606611943,367.1820093076471,0.933136808524039,2745.8871370243696,0.4298058331428657,112.09120085541164,10616.366538789833,6.247220870562172,9.198823379484903,0.0005912394702260291,4.156170058948295,-0.33914245997933,0.9877211495223734,0,27 no.jpg
301.2978085867621,1.5822709990726045,2091.9189466686,24.04025044722719,45.73750044185405,53.2984810669192,6.00827258706757,1.302624623383947,0.026857479430085103,636.6070616604275,0.8879766230112658,2841.3136039067463,0.4319603324062127,111.8982351256672,10728.64735396656,6.829360593173943,9.811220885916455,0.0005783191736779547,4.232647084425453,-0.3687257529082871,0.9935723338819497,0,29 no.jpg
37.44832720588235,1.7966464216271538,1714.8837702072797,12.017307692307693,41.41115514215076,42.61086979500308,6.057208332412185,1.218379756468162,0.0055419456611356475,69.62341169258015,0.9808307927969605,1815.9948543872317,0.29807389334036044,98.77250192278571,7194.356005856345,6.989585113800372,10.231245519768056,0.00057522183611642,3.7926191540156644,-0.3105343942654242,0.9876348850174071,0,no 91.jpeg
322.97414320987656,1.4161629411362608,4746.202561813967,25.67377777777778,68.89268873990888,74.8710948746857,4.87739440834914,1.25753430936,0.18394435646535387,660.6484840915532,0.9411629511889235,5613.53181779083,0.5089267071303778,133.69246284190763,21793.478787071766,5.608989469033385,7.980308878116878,0.0008628867254580214,3.903349938219252,-0.37194512387516326,0.9866778944769994,0,N15.jpg
29.903378684807254,1.5704731693984406,1228.5244730032407,7.771428571428571,35.05031345085577,36.33299648061351,5.402818373936936,1.1048435202773783,0.0621686730590092,50.370730947243615,0.9809379679191017,1321.1247020356705,0.526820673125318,59.57721986057345,5234.128077195438,6.21295375751296,8.36930377441077,0.0008577648169505959,3.004852162863922,-0.45330178005656346,0.9960932842812397,0,1 no.jpeg
377.4163843968532,1.812403780177247,2270.480931547502,43.87625158931977,47.64956381277275,56.71141384901205,7.230369361652964,1.420084566629076,0.0010665469677184581,724.2045245685794,0.8870614775569116,3207.069855473855,0.1594526573907936,197.84369547913502,12104.074897326847,8.19128860691275,12.731646986261135,0.0001450894962405608,5.310076677939009,-0.24061747434964353,0.9835318216048882,0,23 no.jpg
117.95715308641975,1.5406045123218526,1025.2454700418593,18.793185185185184,32.01945455565818,36.274852924846485,5.382194719642665,1.2182340150973676,0.05495699292663576,252.69609419288543,0.9042067331855684,1318.72025755356,0.5166277547236416,59.883991771187645,5022.184936021355,6.211459165490514,8.6789051343587,0.0008600287931039799,3.6330795632604898,-0.394077785568652,0.9924968231096281,0,49 no.jpg
291.0265043264269,1.3846165216797675,2276.687864500207,24.79251012145749,47.714650417876975,54.63775989747185,4.66156400806656,1.3284681270960297,0.21021080051404958,576.5388367126127,0.9037132291805721,2993.1218054423625,0.5224265532561739,85.56782449827307,11395.94838505684,5.3794431201581165,7.783764729325413,0.0009288825711160314,3.85043642825811,-0.33894504777599593,0.9783946063624196,0,18 no.jpg
65.8333980387082,1.622317433002534,1449.8242732249548,29.479768786127167,38.07655805380726,40.32983869526016,5.8820861494995516,1.3806555031311043,0.054217019471492864,131.34418517541343,0.9594993583986866,1621.9621178945704,0.3760722945860183,94.1546847991358,6356.5042864028665,6.767193236114333,9.870754681205298,0.0008112030073695617,4.075802565866727,-0.3301418922275035,0.9891900460807229,0,9 no.jpg
134.42863475177305,1.728427152931508,2120.1174182567747,20.656336725254395,46.044732796018856,49.372879332858965,5.6960843023014105,1.2363017216719034,0.024668751888094777,280.111030083422,0.942586621027266,2439.278861841264,0.4244042714088453,110.04371003448293,9477.004417281632,6.575777880018606,9.486119177724683,0.0006154462884008693,3.8786065141825286,-0.3387332406177438,0.9888628283398593,0,N19.JPG
55.36475173783516,1.3322783169706764,4333.3875088083505,12.344836146971202,65.82847035142431,67.10851971511016,4.658446723991859,0.9312661926233333,0.2443916995821096,95.99863266564392,0.9893538900199175,4508.092686616194,0.5861962302106266,112.74124153145934,17936.37211379913,5.250918554491596,7.310337239675031,0.00113513945410071,3.0862596329096594,-0.434969254323424,0.9910173391293632,0,46 no.jpg
34.191151138117284,0.949316833628845,4548.389728098679,4.298206018518519,67.44175063044167,68.29542418324847,2.71508276554723,0.9782095961728168,0.5439307092162398,58.590621429078965,0.9937246509746505,4668.0036454201945,0.804415140841688,69.95160111542951,18613.423960251697,3.055205932036915,3.9940554496964413,0.0023639830973807346,1.7672757692705094,-0.5302866387725457,0.9709806082368917,0,no 9.png
70.1301597092558,1.6194316828953284,1614.5736986803518,16.57091891170979,40.18175828258828,42.687123172238785,5.82675483118924,1.360256784414443,0.061985871278426044,128.68190259904577,0.9647200039396369,1823.5770249831764,0.4225707743166405,79.60615216813062,7165.626197333661,6.680314602835388,9.495499945731869,0.0005534816709424179,3.7835327332040594,-0.3753134912330187,0.9933848444418776,0,N22.JPG
259.82426587301586,1.7316903194618245,2512.236055045351,30.02827380952381,50.122211194692426,56.928452019681046,6.897215230068465,1.3384861964657988,0.005414240050560789,527.99462936322,0.9184865579010612,3238.8841860527755,0.2758310649894979,150.95156177078397,12427.542114847885,7.822209761671294,11.592409469863178,0.0002692207006970816,4.799749629794569,-0.3200897064874374,0.9934484364926389,0,31 no.jpg
18.627822184429327,1.4519037485889996,1568.8243761066635,3.9846560846560846,39.60838769890367,40.43916900432237,4.941343457600322,1.0321603879458707,0.0990110136646912,30.26762419859307,0.9907553644399487,1636.8700503734156,0.6752330319062142,62.94460418722552,6517.21257729507,5.64226082509188,7.0816432799608275,0.0015484384515217155,2.3403775966738536,-0.5691094924018072,0.9981310890787499,0,48 no.jpeg
235.7422845929714,1.6460119241244269,1292.0641324613546,31.312065172147232,35.94529360655376,42.57893132146667,6.272114785093059,1.4689346735143247,0.017952612033790585,500.4472125194745,0.8620632320160657,1813.9590089565922,0.34839897976126255,88.38234255594537,6755.388823306894,7.145227155427412,10.638645859173916,0.00038320840847852223,4.622868367155585,-0.30848638672346007,0.9890481852735377,0,38 no.jpg
42.201884685793644,1.6391996617948306,2333.106804493792,7.609838083514819,48.302244300796126,49.63892842501856,6.310980817228248,1.2087302529066788,0.04734615576368856,69.6470132441228,0.9858801581982479,2466.105522070307,0.42758442866754603,116.77056005923835,9794.775075037101,7.164419296508417,9.901690323929875,0.0005810087508488769,3.487655908329419,-0.4313404740436175,0.9976492988450708,0,No12.jpg
239.24845454545454,1.7424984859318255,1323.3568807865583,29.862396694214876,36.37797246668041,43.02268522244364,6.271751176659139,1.4703648158884055,0.010303595946180426,499.61743440049935,0.8651408415603304,1852.2518030604406,0.3009181335838218,87.7872786357728,6909.389777841263,7.215349714114815,10.833064677140468,0.00030546895172633623,4.689463423378076,-0.27687302460811325,0.9837377316310979,0,N3.jpg
215.1347135802469,1.500582700227356,2845.6470279585183,21.815407407407406,53.34460636239167,58.34315755070835,5.462754622935328,1.2996349443092163,0.06393809701211747,464.9523548221371,0.9318647873624812,3411.3376927083323,0.5268262351802416,97.43900102749433,13180.398416011194,6.235882407830786,8.639172736826936,0.0008834640730618686,3.7475258798661173,-0.4241358896431011,0.9949304110493676,0,40 no.jpg
225.02925637661278,1.5544976863534081,4037.480396426466,39.07556509810938,63.54117087704999,68.12478541579135,6.0026820171183015,1.3466417621599909,0.08492991113752964,420.4491264064693,0.9546272042506652,4633.989654964787,0.37252110863807164,151.37435801922157,18115.509493452675,6.7819243697213745,10.16509373060298,0.000496741216113651,4.579228755445867,-0.3143637811712952,0.9882767224440976,0,22 no.jpg
198.0115294438386,1.5031719974403401,2647.953681055592,19.167175572519085,51.45827125988194,55.948235483716594,5.392276968135348,1.2669535797943663,0.11408430031864303,329.0743472818098,0.9476286020503568,3140.6871478974635,0.5096203951203597,102.58274222533939,12233.67424430804,6.1316372575304445,8.598395881356058,0.0007850941866056866,3.6275587265683074,-0.4042356477135203,0.9932487031345184,0,N17.jpg
66.24450341520308,1.7434550196595737,1413.3598141785046,17.120124572711877,37.59467800338905,40.11406804710913,6.198985349243333,1.2823378087182749,0.011808491852218026,112.5767224938856,0.965018840067142,1609.1084971968442,0.4010130626719841,87.04519133219927,6323.857266293492,7.174737234172951,10.08915101028781,0.000551615881420943,3.7131593529117923,-0.3747983929086667,0.9948516795137373,0,No22.jpg
121.23214074074075,1.5569090181287526,859.4851151816126,13.24237037037037,29.316976569585286,33.56777675058116,5.457148326658914,1.1760261746842726,0.041949499302353796,259.96773224914966,0.8847178623925909,1127.4747830332437,0.5396760573256425,64.90518153876135,4249.931399883825,6.229060056834588,8.510250606387173,0.0009757033836141663,3.3615305538500966,-0.4437151878025194,0.9957353903254795,0,47 no.jpg
383.9430781024531,1.4018589735647398,6432.177162095862,29.823593073593074,80.20085512072713,86.55778428989049,5.240930083536712,1.3738463273202477,0.16709727985636613,718.6163089018304,0.9521220033953552,7503.539148614096,0.48342370012562086,153.98161779200538,29295.540285554554,5.939251670771364,8.611520716671038,0.000797890798524687,4.219638561427029,-0.3649328202247367,0.9890593136852838,0,N26.JPG
273.4016442666561,1.7331039174184835,2498.957710199918,32.191396013658384,49.98957601540463,56.342952305172105,6.879516668493772,1.340584303045762,0.008394308421294192,569.1617233061459,0.9099663960389246,3162.0222536157057,0.2643122484285309,147.60101814704126,12078.927291156677,7.820920801988368,11.716243926819299,0.00024851253364183834,4.883620081262878,-0.3011913743325658,0.9916509316219623,0,N6.jpg
143.28926587301586,1.0486041912320492,1100.0362549504753,13.645535714285714,33.166794462993785,38.13700916301199,2.9380173053396015,1.3001995574476333,0.4628019182032578,289.5653318732816,0.9010339931249286,1462.2894336574054,0.735566204832128,36.720326857036056,5559.59240275634,3.405080096012524,4.637131319304634,0.001939799981631868,2.408302352163925,-0.43036124728578884,0.9594025040160321,0,11 no.jpg
201.2321453393701,1.5311734845429417,2236.0043019834534,24.16924818300965,47.28640715875392,52.41122507231247,5.514369765219267,1.3213127749857283,0.09808413606611943,367.1820093076471,0.933136808524039,2745.8871370243696,0.4298058331428657,112.09120085541164,10616.366538789833,6.247220870562172,9.198823379484903,0.0005912394702260291,4.156170058948295,-0.33914245997933,0.9877211495223734,0,17 no.jpg
371.05705185185184,1.4020893032096302,2621.900767616254,23.759703703703703,51.204499486043744,59.5195265786116,5.355942110316802,1.1934099198362704,0.10266978392699004,804.055533721301,0.8868962301973361,3553.5497611119426,0.5147590375801572,107.82110730229591,13410.143510726466,6.0359245151767515,8.549680141259586,0.000877666286839046,3.9543884496164967,-0.41067601260717396,0.9937990445636358,0,39 no.jpg
43.666571118527465,1.5834597343839247,1213.365828178619,8.11216498433693,34.83340104237051,36.72226609148316,5.185810400944091,1.1999749476392048,0.06267810496283222,73.82899081488517,0.9726575929588748,1349.9351364488646,0.5108291759129613,61.25981457761313,5325.911554980572,6.015911173588879,8.217403440592589,0.0008216660667748571,3.0964803800940457,-0.41880070436446454,0.993209329175713,0,no 5.jpeg
82.99204274136598,1.770097070046827,1711.9153771951833,19.932995930995055,41.37529911910225,43.845316307549474,6.398530493095307,1.3020742639404959,0.0070688539446286305,168.5772242736066,0.9560399889315279,1917.8426091785927,0.31895782876554224,126.4371450891768,7502.793212440771,7.338184288633624,10.712966057649615,0.00037017366390373115,4.174409348279777,-0.3291754390496817,0.9920220189977147,0,N20.JPG
51.94290748699097,1.2308419239431787,2188.5095295898086,7.954927900173454,46.781508415075805,48.54248753109578,4.28399723922003,1.18628383774758,0.19687010556558715,84.69915757511032,0.9820513634914245,2359.1732603762557,0.6620749481088342,61.170085487775665,9351.99388392991,4.82773942602513,6.480631907543627,0.0014754105720574363,2.6562219752177585,-0.48936934066010906,0.9922675231445286,0,no 8.jpg
85.14314587505116,1.4678624624080538,1986.7588733422353,11.9559902200489,44.573073411446906,47.54609905363032,5.032397791497474,1.1638332299469183,0.13744578003394278,139.78007447273637,0.9691167164900523,2262.813808279341,0.49399085773652085,82.5640496902368,8911.47515864463,5.774137728526335,8.218210173286268,0.0007673908696979279,3.53113793656122,-0.3707254405301577,0.9875775265004432,0,no 99.jpg
23.76149136995557,1.449187117807262,3097.9691594995847,6.784719805081796,55.65940315436004,56.383436910128765,5.218812702236364,1.078268591805763,0.11933724963421947,39.048573778601494,0.9938689741593714,3183.9850861664872,0.6097989562273718,94.58657674651928,12696.89177088735,5.900675375995613,7.7220178382937625,0.0011728529364927022,2.819373706354231,-0.521392787519895,0.9977328425982334,0,No13.jpg
271.47370727051884,1.45743755589623,1585.277023263973,16.650442477876105,39.815537460443416,45.90626843310749,5.335264622336069,1.2488507649105485,0.07060127507760405,521.1458478509979,0.8730763364808002,2058.8580569336686,0.5515030942044138,66.20852528769419,7714.286379883681,6.097988644106046,8.450033236498316,0.0009504011274019104,3.5178337919693012,-0.4173123534854346,0.9938638207725677,0,No14.jpg
70.79566539115646,1.1972475492947132,2599.30533122744,9.47359693877551,50.9833828931294,52.85990311053155,3.7255097033297515,1.1225922206956498,0.3349160711722712,127.05628742737552,0.977313220543868,2799.6977927766566,0.6640216092905746,79.16981982312262,11071.734883679253,4.241587917795067,5.863543594544891,0.001489946652818693,2.680799578634996,-0.43173984473740434,0.9796634389571968,0,no 90.jpg
187.97923209876544,1.346951112217216,1760.902695991562,23.35674074074074,41.963111133370006,47.210975064031146,4.639217885254819,1.225263327915555,0.22199853736818653,408.0979400510204,0.9087659818031111,2235.9686424459505,0.5447568470830033,70.65230521896257,8535.77662973278,5.246978735671424,7.60468168027924,0.0010178915183433777,3.680661772320602,-0.36928052225801966,0.98360436308184,0,35 no.jpg
20.47749900817871,1.6483673417572378,3625.778770132782,2.518444061279297,60.21443988058663,60.82288459691728,5.79738042440687,1.083573938741627,0.04545246991760059,32.6481523539847,0.9955885239023291,3700.273459654746,0.5276792581223703,114.94331945415665,14768.445686265,6.672990074194839,8.783605324846112,0.0008519293524434821,2.868622335051202,-0.48594149487129545,0.9980486656374039,0,N21.jpg
122.22087901234568,1.6254843377270387,1313.8602140760493,23.17540740740741,36.24720974193806,40.30821122253224,6.002464978891318,1.3193108345927735,0.03770136105652175,246.94487125318872,0.924086707261008,1626.4115107957211,0.4030449108428984,81.78161143884637,6258.701171929697,6.784596279734888,9.78797410435036,0.0005158864317574635,4.118476345569711,-0.3741357811316602,0.9939770851250432,0,3 no.jpg
119.36992320649033,1.803239805912476,2010.269302389881,8.272619451033547,44.83602683545768,46.86079405290566,5.844495652600348,1.0926166194197346,0.006590084427445374,169.65895324777702,0.9606292748758263,2163.228039611119,0.33692884123554223,99.73982022694658,8483.253205196703,6.770776900978763,9.651491818144587,0.0005387899874739442,3.3928530957683627,-0.34913399584770516,0.9909782488898804,0,No18.jpg
186.3441393034826,1.6291569323016497,1918.7036770472018,23.73910447761194,43.80300990853485,48.491849100156486,6.12180953187781,1.233288799208308,0.03580417847158013,397.3886976498032,0.9151042468536541,2341.356933623314,0.3732118710560481,127.30506701842197,8968.03903684345,6.977905428890833,10.221016584042111,0.00045784449919561676,4.316550815638795,-0.33590989990549236,0.9914616332930668,0,4 no.jpg
215.1347135802469,1.500582700227356,2845.6470279585183,21.815407407407406,53.34460636239167,58.34315755070835,5.462754622935328,1.2996349443092163,0.06393809701211747,464.9523548221371,0.9318647873624812,3411.3376927083323,0.5268262351802416,97.43900102749433,13180.398416011194,6.235882407830786,8.639172736826936,0.0008834640730618686,3.7475258798661173,-0.4241358896431011,0.9949304110493676,0,41 no.jpg
480.7356104276004,1.5226944372866913,3775.6283424031453,39.16888927127248,61.446141802420314,69.87045716373315,5.968746763594721,1.4683925536602658,0.0628138334116735,967.5983976827681,0.9012548015700381,4898.1507637763325,0.40905046027718495,107.6011176968304,18625.00465742256,6.886252966186126,9.92954380426249,0.0005406414447218669,4.627837419920686,-0.3457337422849246,0.9918318559470269,0,14 no.jpg
203.93636835065138,1.7073443645983382,5200.929820445544,20.702931141439205,72.11747236589441,76.30132643327015,6.839721091166751,1.1919708055258496,0.019990059458840727,348.819866596494,0.9699936606955372,5813.344023232954,0.29843568560782135,189.99166118741056,22904.556226335313,7.760401889118582,11.25787091964986,0.00031321028800422856,4.5351063904074,-0.3569752469959012,0.9959566197482137,0,N2.JPG
77.23658529718884,1.5786056814823195,2613.1503738896436,9.19683257918552,51.11898252009368,53.46241342228673,5.201970305289412,1.1603478897982111,0.054603605705047506,130.587571554001,0.9771932277766919,2862.4703715461683,0.5662113147158929,112.3755920299395,11319.29391463067,6.051127526313325,8.053459957553809,0.0009491501887245504,3.042970650836306,-0.45385605378420657,0.9953224614144662,0,no 97.jpg
232.97968395061727,1.5066198811932934,1968.6102565785461,18.062814814814814,44.36902361533941,50.4637424446236,5.453160772392659,1.227999907571792,0.07297618049641766,456.91961597399376,0.9107309661817327,2558.1440218586895,0.5298203351000486,113.02341154691047,9775.656471460761,6.178819861176744,8.557481314108639,0.0008769635880460235,3.6299068521756666,-0.43194200855746795,0.995258293753529,0,no 923.jpg
95.42498440212674,1.5602652601221725,1004.7652849238597,17.798258463541668,31.69803282419683,35.173639494045666,5.257582361714383,1.20078003109793,0.04643673052333326,226.05002957447022,0.9089821725231585,1241.4082222333263,0.5375523729283977,53.15534545522554,4739.582859358836,6.0604672455438635,8.376990061380052,0.0008826485144553172,3.4812116270105853,-0.41345750991618135,0.99314219510748,0,6 no.jpg
186.3441393034826,1.6291569323016497,1918.7036770472018,23.73910447761194,43.80300990853485,48.491849100156486,6.12180953187781,1.233288799208308,0.03580417847158013,397.3886976498032,0.9151042468536541,2341.356933623314,0.3732118710560481,127.30506701842197,8968.03903684345,6.977905428890833,10.221016584042111,0.00045784449919561676,4.316550815638795,-0.33590989990549236,0.9914616332930668,0,N5.jpg
221.04597590258126,1.6024621510277806,5555.911570420789,17.234531772575252,74.53798743205232,78.31749011794052,6.019459278722114,1.3979293984894459,0.06425526632684536,433.9001631004154,0.9646053471714588,6129.909554389847,0.3846809452359577,170.83202560211507,24085.738054458965,6.898839003827572,9.858453265389652,0.0004844637253523714,4.187205159182941,-0.36690305142525487,0.9937540935986254,0,N1.JPG
336.3744450610433,1.6077914665634263,2314.9765979078165,26.527964959568735,48.114203702314526,55.531204837460514,5.75609767337182,1.3465222547981335,0.0727649894678796,658.7603383316491,0.8939474222665384,3103.9720417677527,0.44222919326188653,103.3208645048057,11757.127828739369,6.5116978832012435,9.2900504170936,0.0006108854421043347,4.173701897901564,-0.38404021202065736,0.9935324341722883,0,N16.jpg
146.69615545050056,1.2678877061394167,1983.00367657352,20.34671460352773,44.53092943756642,48.113600738027245,4.305424272808653,1.2281294185009146,0.20137371708313465,357.0142573101392,0.9232245480242185,2324.3815173233224,0.6193099979039083,60.466690336510155,8940.51181198315,4.951016844614829,6.828346901300319,0.0013251541079798662,3.218224292127434,-0.42188966395892086,0.9867130039897,0,no 2.jpg
443.25612345679014,1.4267122370143037,1587.333293671087,24.837629629629628,39.84135155427194,49.32019532920673,4.541422068431297,1.2956561865635206,0.18249440563619973,778.853971221301,0.8359795425274067,2379.983923089213,0.519689985848369,72.19251665249433,8741.08172113555,5.347982121054157,7.579258429095128,0.00089336949599411,3.8063333462539535,-0.32246796814038464,0.9712902268917784,0,5 no.jpg
160.50292592592592,1.5506519868157262,2881.9267456316047,24.389333333333333,53.68357985112026,57.29211758627766,5.863522933835446,1.2231400777678896,0.055616828891892775,335.0699544270833,0.9491097695911642,3291.281688811927,0.4845200987628827,96.71964245854593,12830.056800820623,6.656804804795873,9.29143069811041,0.0007218695997560011,3.9188961666816473,-0.42223217200949514,0.9963239299934066,0,21 no.jpg
29.903378684807254,1.5704731693984406,1228.5244730032407,7.771428571428571,35.05031345085577,36.33299648061351,5.402818373936936,1.1048435202773783,0.0621686730590092,50.370730947243615,0.9809379679191017,1321.1247020356705,0.526820673125318,59.57721986057345,5234.128077195438,6.21295375751296,8.36930377441077,0.0008577648169505959,3.004852162863922,-0.45330178005656346,0.9960932842812397,0,no 94.jpg
635.8811024758189,1.7270225395518084,4722.152518373682,35.378040042988495,68.7179199217619,78.12436254170477,6.5544743559824,1.2445239399982773,0.026631572083307072,1041.4871797555238,0.9134110671459605,6023.255606288585,0.34357755360762393,169.96733952014284,23051.535245398816,7.413469635707799,10.718815262871646,0.0003769830473611181,4.728522239299042,-0.3603333810504906,0.9950403456301631,0,20 no.jpg
91.78291761148904,1.3403903150095546,3270.740326815791,10.665797430083144,57.19038666433189,59.61149881787261,4.941448186393179,1.0291299482534046,0.18711944099484726,159.75772983107223,0.9775485809907823,3557.4503403347294,0.6074267974223588,107.53053780557754,14070.04363150784,5.536767905289742,7.569738283596813,0.001187656496109944,3.035694519072571,-0.47089478902880055,0.9950676835109995,0,no 7.jpeg
331.62732159828926,1.716344993544965,2549.1373185186244,32.824231744020274,50.48898214975842,58.11370400410239,6.924240038496851,1.2514805566908274,0.009302052956856367,669.3316031816137,0.9008331476105177,3374.992163731749,0.316768541296786,139.15435283780903,12830.637051745383,7.835468735525288,11.53741047956939,0.0003184893401476304,4.802726286674922,-0.3376923299897005,0.995112267219944,0,no 6.jpg
31.994882527084908,1.6519834430092615,1033.429414662875,7.158503401360544,32.14699697736749,33.70310716268547,5.500602891086479,1.1067961073561081,0.026677075720288358,82.946569405774,0.9634970871488292,1136.1389332823326,0.5696939095179305,64.43741365879914,4461.609163723555,6.3591562851445405,8.3488654815922,0.0009999925113923825,2.7317794748458795,-0.4837832238656968,0.9973411349025175,0,2 no.jpeg
57.06413167938931,1.7333336447492227,2523.6605658372264,12.97385496183206,50.23604846957239,51.9077928387391,6.201082805397711,1.127882030879639,0.016353932082149414,99.024125109168,0.9816351632491966,2695.881846772208,0.4346576450815798,114.37260472129158,10684.503261979664,7.156186500480569,9.758460743016505,0.0006135329296301874,3.531199909056772,-0.42815704742948324,0.9973925693362832,0,No15.jpg
382.75235380581597,1.448475626514422,5270.906389926389,34.782397107897665,72.60100818808503,78.56228223722543,5.412194168190621,1.2961206916585615,0.12144943000333856,818.6723497633304,0.9338483261901778,6186.664925026387,0.4851861851958643,131.64957453968105,23927.98735034222,6.206673932698367,8.894204064539018,0.0007920843944903216,4.236838467899334,-0.3596339522157438,0.989550476329743,0,25 no.jpg
213.95038342104016,1.4182445199345814,6155.83586739507,27.13296472763476,78.45913501559312,81.82901841001804,5.406380348169285,1.2673596717426923,0.16894105440243223,401.09973899139993,0.970064552127556,6699.1277288404945,0.4791009702054323,153.1915074991386,26395.41117637058,6.145078358953671,8.912069482159252,0.0007778502310107424,3.9600713567922012,-0.3563038310131572,0.9891561571134455,0,45 no.jpg
19.044748864619375,1.7868734133396442,1904.4970426599305,4.259558823529412,43.64054356512909,44.36528253456749,6.047474079850237,1.2027412443397725,0.00617905983694894,32.53871412897179,0.9917369726267373,1968.8937562283081,0.3817418680029093,101.50887787732799,7843.036310784262,6.9928160804198445,9.744358562715814,0.0006646979777791585,3.215856845601385,-0.3889437418578797,0.9950043234390165,0,No19.jpg
241.4674594175221,1.6842557301427392,2085.496010700699,19.951360706612558,45.66723125722315,51.154450819535704,6.044998998510552,1.2342987379979624,0.029521378447731457,433.7839494992709,0.9136771441174698,2523.8339539546087,0.41755764766215064,101.452400201859,9661.551866319167,6.8351820051365815,9.626864207927422,0.0005497771419497949,3.836687942594297,-0.40232639969525447,0.995513016968141,0,33 no.jpg
235.27199074074073,1.7749790200054607,1267.3448057443118,32.9010101010101,35.59978659689285,43.21921501533474,6.64239241852203,1.3697297661203227,0.004672658226256768,444.1124943039224,0.8809866409847498,1865.9352220825153,0.2702428627812558,108.71983298903939,7019.628394026137,7.588834001537462,11.390570270264522,0.00026291106639547126,4.792620492553136,-0.2879587757923278,0.9881871262499596,0,34 no.jpg
29.430552,1.2136986612200429,4191.512764545892,5.658053333333333,64.74189342725383,65.5035454531418,4.097663929962296,1.1266670724897534,0.3200097468462797,47.70168122813805,0.9944481354215635,4295.493715868739,0.6756180100205904,89.37803810450725,17134.273182246812,4.5780984893258285,6.2045033712311195,0.001517749976400887,2.5137747574518983,-0.48830011241323484,0.9906239370337091,0,no 10.jpg
235.7422845929714,1.6460119241244269,1292.0641324613546,31.312065172147232,35.94529360655376,42.57893132146667,6.272114785093059,1.4689346735143247,0.017952612033790585,500.4472125194745,0.8620632320160657,1813.9590089565922,0.34839897976126255,88.38234255594537,6755.388823306894,7.145227155427412,10.638645859173916,0.00038320840847852223,4.622868367155585,-0.30848638672346007,0.9890481852735377,0,8 no.jpg
50.3589981516977,1.7534444576875041,2180.35059954976,6.185076670317634,46.69422447744218,48.47949225252786,5.881570004418063,1.1386270231548585,0.01108046871183618,81.0886217776181,0.9827525513915116,2350.742554056649,0.4477779790983268,102.14459752137317,9321.881594448978,6.826706858090616,9.283695093039269,0.0007057295541001412,3.1954657281796965,-0.4222840493111245,0.9962124468660789,0,no 96.jpg
91.78291761148904,1.3403903150095546,3270.740326815791,10.665797430083144,57.19038666433189,59.61149881787261,4.941448186393179,1.0291299482534046,0.18711944099484726,159.75772983107223,0.9775485809907823,3557.4503403347294,0.6074267974223588,107.53053780557754,14070.04363150784,5.536767905289742,7.569738283596813,0.001187656496109944,3.035694519072571,-0.47089478902880055,0.9950676835109995,0,No11.jpg
163.74722750787893,1.7386095498279066,2498.2062558545254,27.97110067193911,49.98205933987239,54.55147859592076,6.949558600395964,1.341525158593909,0.012796478141134923,285.63789984014187,0.9518197964138556,2965.1308187230998,0.2977400466239558,145.92469453261583,11574.885375052247,7.847094966052978,11.532309104463293,0.00030495762568569543,4.550987677585249,-0.34360035911971126,0.9953965663967361,0,28 no.jpg
114.99537530864198,1.5504308759905883,1043.852456398134,14.491555555555555,32.30870558221319,36.679713908064755,5.161230172744128,1.2689041920501078,0.05549534287344303,230.31809895833328,0.9145955426384715,1348.1371391033474,0.5559019544411027,61.5127082004677,5162.230457455055,5.999474189353926,8.191380392064435,0.001047096547412006,3.326269096796404,-0.4191222445526958,0.9930109200336781,0,no 100.jpg
199.12918123311616,1.7278915372933248,4022.2270544993994,30.68975448911489,63.42103006495085,67.47344610555658,6.863040847331608,1.3174941129647728,0.020814718892743014,382.64915077966504,0.9577564577304344,4531.06227028782,0.26908115916893294,177.0184702465333,17741.599930371598,7.847846122481953,11.493533629108695,0.0002698442521256214,4.668015820550428,-0.3295030756677042,0.9942641997256881,0,15 no.jpg
118.5019001490313,1.2363561794897266,2500.471078608617,13.47839046199702,50.004710564192024,52.73023831712461,3.838808305557234,1.186530794571614,0.3117478877473123,239.52706094232838,0.9570667792185945,2788.8033345727017,0.6324076345342787,79.62169997008696,10915.686277348475,4.41657129604625,6.189793682358212,0.0013714061138342523,2.999702133032888,-0.3956421017097984,0.9757064189503896,0,12 no.jpg
83.07009976131245,1.5245872094182376,1228.2629307686173,19.73122436630135,35.04658229797332,38.074319639359985,5.432720637641427,1.343238451573384,0.09241393377032336,151.14056913225812,0.9479027043158625,1450.4813341139388,0.44835891899931163,71.07574634543748,5650.784767323497,6.176599548055074,8.973084715047104,0.0006254472633095361,3.774782571843813,-0.35155008925822906,0.9886282682433688,0,7 no.jpg
65.8333980387082,1.622317433002534,1449.8242732249548,29.479768786127167,38.07655805380726,40.32983869526016,5.8820861494995516,1.3806555031311043,0.054217019471492864,131.34418517541343,0.9594993583986866,1621.9621178945704,0.3760722945860183,94.1546847991358,6356.5042864028665,6.767193236114333,9.870754681205298,0.0008112030073695617,4.075802565866727,-0.3301418922275035,0.9891900460807229,0,10 no.jpg
49.49585638499432,1.2223632677592882,3372.6009943055606,6.7943633952254645,58.07409916912668,59.50537544028831,3.7657933850638394,1.1766497760161188,0.3071414310231995,81.19199564974033,0.9885504194550476,3545.1931543361484,0.6641250646721986,84.04443802577734,14099.580621694851,4.327772310866762,5.5406019771538055,0.0016433992232027953,2.2212538380256532,-0.5281726487417224,0.9903249216366562,0,no 98.jpg
65.1400580406189,1.5939106544282322,2367.4948587724357,8.249874114990234,48.656909671417026,50.759743708600716,5.138086299169502,1.1617574443417762,0.0689652609786156,109.2705310988937,0.9788196060368626,2579.2384223690924,0.5808123802786909,112.48934826348764,10207.683158377478,5.9895831793699665,7.8769836461252725,0.0009996529304605738,2.905980489495005,-0.46698027680562176,0.9956153216751858,0,no.jpg
148.4875160751029,1.6633823363535103,1328.388306445736,5.98804012345679,36.44706169838298,39.68947807523252,5.557337557072788,1.0636840133810748,0.0320249292455883,186.45757072987465,0.9376732260304589,1513.2848619361673,0.5142607545559675,73.15744056779174,5866.681877014794,6.3979359500222515,8.534591824764018,0.0008252194027142056,2.943997662311604,-0.4619878583235427,0.9967501509944995,0,no 89.jpg
166.48512223677423,1.5583995219984317,1047.2483527552617,27.324681509703534,32.361216799670274,37.95968560309527,5.472598218757461,1.4055913119513903,0.07791303921427328,372.68931786121453,0.8708227774190069,1442.434322706969,0.4400566874083,71.5141848031569,5397.047972966662,6.299025259398141,9.27002785281087,0.0006280120856168542,4.1472057563290985,-0.3119828033568758,0.9828012221621998,0,50 no.jpg
117.95715308641975,1.5406045123218526,1025.2454700418593,18.793185185185184,32.01945455565818,36.274852924846485,5.382194719642665,1.2182340150973676,0.05495699292663576,252.69609419288543,0.9042067331855684,1318.72025755356,0.5166277547236416,59.883991771187645,5022.184936021355,6.211459165490514,8.6789051343587,0.0008600287931039799,3.6330795632604898,-0.394077785568652,0.9924968231096281,0,no 1.jpg
112.49484500277843,1.466706747894196,1579.639749469653,22.358299595141702,39.74468202753235,42.93776526887574,5.590834913428713,1.2455935160092217,0.06138405466725418,241.2698174279128,0.9347079146848364,1847.3006065392892,0.502801046412354,76.58333223065664,7147.932608729242,6.287179329266696,8.903416344727862,0.0008290035736241033,3.742721013234221,-0.4121451183711836,0.9948186886635503,0,36 no.jpg
45.77806182462127,1.4147766058251747,2186.462242204584,8.544167829998448,46.75962192110394,48.26124313071616,5.126727785426198,1.1407738154805533,0.15190932214666003,84.00788405347154,0.9819702160239903,2329.6503461385582,0.5612961677179961,94.27772807802982,9234.59350050076,5.769767010535543,7.9115547027401645,0.0009680873785585419,3.0462162267306776,-0.4595217990612064,0.995344302575904,0,N11.jpg
177.66860707894213,1.700206093291896,3611.320501350272,28.0150129250348,60.09426346457931,64.35009380693253,6.502489950776758,1.245586956597129,0.020663282980369152,308.6810465758617,0.9626646370391303,4134.588571332022,0.33936068978184386,144.14041283659787,16229.673238752232,7.417799934799728,10.83645770261759,0.00036611185175595745,4.516238893602164,-0.33878038951504214,0.9934612984886795,0,24 no.jpg
242.90069196428573,1.8059281762695083,1838.5621867913833,35.12827380952381,42.87845830707283,49.28699831467407,7.010575868490501,1.3092419372381803,0.00213516093981123,427.1396835113083,0.9122870471536955,2434.3260220849047,0.20980817275137786,142.37411856204437,9310.16440482831,7.920112419146586,12.168457579132188,0.00020275336825058399,4.943731093280136,-0.263349371927478,0.9861527949926235,0,26 no.jpg
196.106515625,1.5516439233195316,1876.5544230775,20.20875,43.31921540237658,48.42885815837882,5.464743481856867,1.1914363817948885,0.07701986980970567,418.99962592485036,0.9111292374398043,2356.417968351334,0.4673908568342098,62.12413509128557,9006.672247480486,6.286143122427052,8.901606711482554,0.0006773331141549169,3.978922486093118,-0.3776892651914486,0.9917272153710872,0,19 no.jpg
352.6483456790123,1.1941294759096304,2799.4307769517086,27.487111111111112,52.90964729566536,60.284259207159955,3.804509943545044,1.423534636189752,0.34417530294433424,828.4668207022391,0.8865372937475684,3649.71828902199,0.6178313531734135,72.85297034438776,13770.406335385724,4.474810658167112,6.355567590573253,0.00139756102907933,3.425525179715188,-0.3386146201809985,0.9614860739627901,0,37 no.jpg
171.67898809523808,1.2850539074249971,1897.6708332325525,16.013392857142858,43.5622638671655,48.49852283145531,4.320360465886646,1.2974273409887858,0.18632841096361444,321.16841254423787,0.9318922220239401,2357.2375144763514,0.6215400792551405,61.49546618897895,9107.781645361169,4.953949069541328,6.792126996881658,0.0013262183454381942,3.1516675687056814,-0.4324586689657256,0.9878212554531582,0,13 no.jpg
300.29451851851854,1.3057279058742421,2126.697507122061,24.404444444444444,46.11613066077921,51.630826211585905,4.0717734902186535,1.1866678039107725,0.27970833851737426,541.0272183469742,0.897522723571878,2642.414978962327,0.588477325175149,68.62112069958191,10028.63269750233,4.737801535711877,6.655729612532815,0.001215041635248665,3.4220053024361192,-0.3552182890823007,0.970484013822815,0,32 no.jpg
153.87126913580246,1.4739442154014524,1492.756333739369,23.759703703703703,38.63620496036547,43.1853325181119,5.482032574477734,1.235301607223727,0.0998038951780648,380.24163048292223,0.8983781714705331,1870.4212372854915,0.4835866339756091,97.0796657986111,7101.443318659042,6.179392948469543,8.936845520143535,0.0007505726358773709,3.9492425279206094,-0.37750622262339284,0.9918248141293124,0,no 3.jpg
79.43335731728588,1.6309641530219288,2792.918710849352,10.75222396650968,52.84807196908277,55.09386068808742,5.891470741323054,1.1914360220958695,0.05046123003907942,151.00389368171753,0.9751293725756678,3035.726925973352,0.4838880548492696,130.05852705344196,11991.903810211687,6.726006227918574,9.308076317554912,0.000702525143307632,3.501491042590766,-0.42103968665226943,0.996146519726395,0,44no.jpg
307.78740805920313,1.3156966442017108,3253.5461658490913,19.0608501421416,57.039864707492875,63.296321081026264,4.353896042158238,1.2090817175545656,0.2453320237048396,625.879583910196,0.9221714201502842,4019.572656433973,0.578276180419826,96.07785905901349,15452.4110418257,4.9199483274806735,6.972612726202354,0.001127742724655007,3.5048091398623313,-0.40755383157971675,0.985642858756793,1,Y114.JPG
244.7528974543708,1.6835012836142165,3062.465692071744,27.444956772334294,55.33954907723539,58.852404445979516,6.7769919863461245,1.3587297033325352,0.024596986252124226,356.5252677005491,0.9485755031381644,3466.2001771476985,0.3222487211431692,170.64195537424575,13508.275440890233,7.626829257847085,11.115866198819699,0.00035146752351248483,4.3365120117653895,-0.3584382057689232,0.9958531441836775,1,Y183.jpg
173.9067910925497,1.8425565883350812,2671.0126284055755,32.3064260456042,51.68184041233028,55.921098754921026,7.092043256904528,1.3970557431844384,0.0012071591565595593,326.61201530347995,0.9476215375335112,3118.6289529543255,0.20376377955921443,141.41934144637767,12147.903796513823,8.058732021722383,12.134695989141816,0.0002322109189443888,4.761528481120776,-0.2909653932723093,0.9913804441502103,1,Y39.jpg
147.57593596306333,1.6839336908108515,5586.8360796490715,26.20897320084312,74.74514084306131,77.55886495401958,6.950668505128436,1.3836582383835203,0.014635912207001443,263.28978644640165,0.9780556651163221,6000.539169709985,0.3329696821319283,188.26024884317962,23738.86689239354,7.863061268778245,11.254923892308634,0.00035849180400045286,4.417821361311255,-0.3842495458648506,0.9974462325592854,1,Y65.JPG
98.47611295553305,1.5326598865485412,3304.214894496654,17.20309435606886,57.482300706362246,60.098680307733254,5.570146127989598,1.1812642980752177,0.09319015290686089,167.36059798867132,0.9768110238671356,3608.9412534336,0.4430996616481222,132.4479007921671,14268.404415745721,6.363234698556547,9.086224572911505,0.0006155607872826911,3.7975029209893396,-0.3731964427043854,0.9918702261572302,1,Y76.jpg
312.07416790123455,1.5838935986156417,2738.8042885544523,26.812148148148147,52.33358662039563,57.04677621588058,5.695482652615619,1.2508148203863227,0.08856070306996164,492.0552402875212,0.9242514239269398,3248.6969389667947,0.40725651319166334,110.36020126930981,12502.732515579657,6.515982494003905,9.410304780456144,0.0005408780547789364,4.209706209910726,-0.3436179564288042,0.9892978279817917,1,Y4.jpg
191.39409965034966,1.7333329140396148,3137.8650215342695,19.024995274995273,56.01664950293144,60.4827971519694,6.731917647587419,1.197779891239762,0.010821952724672089,342.09004538286956,0.9533236471829392,3663.893218153172,0.31858208153927275,132.9273517836804,14313.482827229825,7.6347701253988784,11.072389071948505,0.00035990152428426654,4.252532516466555,-0.35404429257612047,0.995371107537327,1,Y156.JPG
129.06513328350772,1.6077984682561395,2278.624754758917,10.118684603886397,47.73494270195489,50.281585300869295,5.817843893544208,1.1362140028353633,0.03408108532760615,186.48705010428264,0.9620343575287496,2463.2956668934835,0.5016193662327525,99.66695287784762,9666.695617469652,6.648214097259388,9.004947798023473,0.0007562022512715631,3.2866110780191304,-0.45173405864758254,0.997137448486613,1,Y35.jpg
159.58604520239467,1.531395674927606,3741.1499948844157,33.84593837535014,61.16494089659873,64.25780657189708,5.984502428793665,1.2890239039154394,0.09167583259868688,369.98284303849965,0.9552176852430652,4130.77886202065,0.3620735895156417,123.45344522645937,16153.1326050441,6.803559037407746,10.215349878790823,0.00045097595423029395,4.567017351978606,-0.2990301907917122,0.9858701307053658,1,Y248.JPG
229.84843301730322,1.7567372164567445,4183.607792041543,19.463925497579343,64.68081471380476,69.57858566087637,7.081730476206228,1.3270537193163627,0.0027930550450296714,422.76324997750044,0.956093367874011,4816.815650111684,0.28803907165199716,208.00517350143878,18844.499350469236,8.081858312368643,11.573038801049016,0.00034703368652997735,4.337669801277725,-0.3670598464850942,0.9970210195584487,1,Y75.JPG
108.23756980895996,1.771630306991349,1374.933064453071,18.104782104492188,37.08008986576315,40.6674598834974,5.909552767116705,1.288856875132034,0.01068439777877625,208.64771085640132,0.9369745581044814,1655.149525760935,0.3573671330366499,75.93664759347365,6411.950392187339,6.851195445661174,9.865916520367465,0.0005703159945262583,3.891418066133684,-0.33312836953865693,0.9898262599780014,1,Y194.jpg
174.59737831294598,1.7535368962886733,4398.233500406162,23.095565749235472,66.31917897867979,69.47503406450929,6.905522571265057,1.2861681034838737,0.006840569657440105,348.9945031729839,0.9638160149613633,4822.896169663364,0.3066200772205906,152.68596224212985,18942.590175480476,7.858135291432021,11.361900850224997,0.0003239114342032724,4.503849383331208,-0.35943328702758776,0.9962775017430848,1,Y1.jpg
184.01615587841937,1.793744779000289,3175.9125376311367,13.74507604270962,56.35523522824776,59.994709227131764,6.994351472083892,1.208788587093939,0.0012469215529238712,336.9610733771281,0.953132038738341,3595.196083076099,0.3189585234748361,205.03987408654044,14043.823258927281,7.981517743369264,11.322307288145387,0.00046203636316570566,3.9156326076135968,-0.38052753173649595,0.9972947002523016,1,Y180.jpg
361.8625536151961,1.7505950681262659,5239.800558311082,27.79513888888889,72.38646667928393,78.5630092413716,7.165509562326854,1.2963841153160292,0.0077131884268131735,663.970827749434,0.9459943844472072,6150.635257896448,0.2615425366039183,263.0625326980115,23938.570203836363,8.180609254168413,11.910906294753945,0.0002708553860080948,4.710060332693713,-0.3367228973117402,0.9955707430372053,1,Y111.JPG
102.8818831210714,1.628167021111234,2631.3000371127628,17.20693779904306,51.29619905132117,54.40634776241177,6.301935352690224,1.2436453012390951,0.046963961994531664,169.03249592951192,0.9713970870510267,2955.330374582599,0.3729924276142737,130.76398621926262,11652.289002400881,7.155086698139424,10.360154284091777,0.0004474211751976114,4.0602555207350495,-0.3597746704503014,0.9942732146295715,1,Y7.jpg
124.77932566121542,1.744042629636053,2993.0075675997014,24.70586008479709,54.708386629471185,58.051794419299554,7.355321031902356,1.3802044995599554,0.0019403072075442121,212.0638702948572,0.9685383634333039,3370.1948606991946,0.35748147793091944,187.2998304289597,13268.715572501907,8.323726803214434,11.756535357919132,0.00042242193994856833,4.227471121616155,-0.4026285085657441,0.9985316078047145,1,Y113.JPG
97.7027857621922,1.5850621984094708,1845.6650610428333,14.451710261569417,42.96120413865088,46.2119108354483,5.721546283724433,1.2284626502360825,0.07214709617507617,169.94683315168845,0.9602580171495718,2137.94500011835,0.44668173140438594,89.78089438954123,8381.83316732171,6.510621630480152,9.251991090805028,0.0006572242880821364,3.708281716890966,-0.3865231790443303,0.9937246774275714,1,Y246.JPG
96.57627450397415,1.742425790315081,1661.0925534169749,18.660878872569423,40.756503203991564,43.946893525673964,6.756385079641384,1.310391310386532,0.0054193107096899545,176.89088527273995,0.9538144405466098,1916.3894965445988,0.39868605010090236,147.66639646558045,7488.667100905645,7.684705373097163,10.799101637044242,0.0005634047344523144,3.8855370444997996,-0.4021220391149681,0.9975671434626191,1,Y254.jpg
77.73713359388879,1.811362271865024,3226.101558641263,17.81013501510037,56.79878131299353,58.67537373227134,6.814083693396375,1.1458324996487266,0.002742738105384928,139.383204957604,0.9797502763513327,3441.7314741067157,0.2650814919304587,129.8769215981781,13627.542691469262,7.774892808512377,11.36065639764704,0.000350628657610271,4.1159417172043895,-0.3343378925104824,0.9943617592154412,1,Y61.jpg
339.1952105609349,1.8121767874919832,3244.916340363609,33.128585195723005,56.96416716115148,65.04721679463408,7.468045865363651,1.452988671114675,0.0006053097802442323,719.397268869079,0.913348908032291,4161.9292476641385,0.12104616036244008,212.35604179291096,15928.319721787466,8.477717511849495,13.111504041560842,0.00013027853863035516,5.322138050605731,-0.24469089520881404,0.986435698319914,1,Y148.JPG
154.10438905062267,1.7799970446696554,2957.696037093512,27.933284813197478,54.3847040728688,58.30262096549727,7.311791056250198,1.4112278318026927,0.0021545089547752617,271.3486870007587,0.9601088056139699,3400.9505116865084,0.3498900049627637,182.78772896424695,13332.453359745286,8.281790304589116,11.79028051819975,0.00039346144595414737,4.361624059358262,-0.38871730282062117,0.9981518586504354,1,Y59.JPG
176.1464002944219,1.7421337008283062,2385.2036698142388,26.586595846264025,48.83854696665574,52.99505148126853,6.889737282997405,1.3752567416868693,0.004089850170109055,348.78693813524023,0.9376983903797604,2800.0778974185587,0.27340910992625916,160.93700553891043,10851.524651538995,7.804313765369853,11.591424477331921,0.0002749790572877888,4.638588145890516,-0.31927444278743805,0.9934960097116541,1,Y250.jpg
119.56162634408602,1.813926757844404,4282.227529472147,15.523400317292438,65.43873111141556,68.46743453348057,7.437307560700952,1.1915395401090743,0.0011408486558062596,219.42198485086564,0.9764819901746093,4668.627656649262,0.2977674069023597,186.6549587978,18455.08864174618,8.415084941752419,11.971719034521271,0.00037770637613700593,4.096124582470742,-0.39095094027387284,0.9983338398126088,1,Y112.JPG
65.55969465400625,1.5496119569277642,4864.74885419849,14.070772632674297,69.74775160676143,71.24044895163661,6.033395779393201,1.2211305377799928,0.08610991302857397,119.44943549586787,0.9882359280435968,5076.719296200386,0.4698903901520976,133.70372651612553,20187.427749305676,6.8252987834548,9.463441602750414,0.0006758073064895278,3.5648800373082077,-0.43415457514250816,0.9971986558269567,1,Y74.jpg
96.25846629403794,1.6296059331308104,3803.6013468607025,14.598577235772357,61.67334389232274,64.20430578131014,6.604493398381728,1.2939038696984908,0.03296356964719581,159.89606624495144,0.9805582154422126,4113.160337402467,0.35093915765859,162.6485910813297,16292.745283364908,7.455093161712028,10.697531967945132,0.0004163068402356935,4.054555890874856,-0.38374617330014665,0.9966206651762171,1,Y11.jpg
109.91233196887002,1.7276599635283472,1677.2689219307638,15.528350515463918,40.95447377186971,44.64815201829356,6.267863881314883,1.1860117660128657,0.011298525637396908,205.81230229924535,0.9483057617142074,1990.9631219590724,0.3594127778980356,123.73014204571099,7758.0401855370455,7.175501508896607,10.395469718714189,0.00043277882035758,4.01309076912748,-0.3445755884569966,0.9927732360393702,1,Y45.JPG
132.1675972222222,1.6141398777249047,3344.931078684414,28.843333333333334,57.835379126313455,60.88459220320031,6.193581668800077,1.2615517773001017,0.058390098179497016,257.90394483821007,0.9651568910966491,3701.489187113413,0.3398870750866168,137.07658616821294,14548.052803615446,7.07920647488567,10.43850634720376,0.00038088514896360943,4.427858880590897,-0.3210760035699764,0.9903402726844682,1,Y20.jpg
111.38224171037842,1.6848971218254896,2157.759442425986,15.788216560509554,46.45168933877417,50.10373605604541,6.4674666038164705,1.2749689880485322,0.02132401661407534,185.62194863048242,0.9629733409378521,2506.967195825055,0.37782462824342417,117.26880592767327,9842.246834669737,7.3598033340350195,10.464110785945074,0.000506122679862355,3.91648329753153,-0.38536085366130185,0.996363313302987,1,Y195.JPG
155.95096794871796,1.6794901471434813,1928.6289737841946,23.65876923076923,43.916158458865624,48.08114267062208,6.303373130396181,1.3523455286681292,0.017424114271893134,299.53331739768316,0.9350406651609018,2306.083715552635,0.3549719750159233,116.10295660206913,8924.801544812864,7.227717600086423,10.524579538935885,0.00040737340911020686,4.253565594403246,-0.3339170779002889,0.9922105262361998,1,Y38.jpg
54.186875629881584,1.5126320730888874,3434.9245900913493,11.053854875283447,58.60822971299636,60.14815995011507,5.548719108312661,1.150567797817142,0.0981444205332749,88.33045919539163,0.9877847586406626,3615.804837149013,0.482977041603015,132.2373394089246,14374.888889400663,6.30760936093392,8.788709044298667,0.0007168664332685186,3.4426457658653846,-0.4191068618121767,0.9949956945228184,1,Y69.jpg
240.7225970655754,1.3699436735887438,3050.206147273768,27.161992214791894,55.22867142412325,60.899093370164145,4.826956262001554,1.3326816777814017,0.21499002600608752,443.0682384759243,0.9404994753735639,3721.885741777791,0.5427787640052897,84.02337364518213,14444.47472863524,5.475478477763721,7.798281932009733,0.0009822994463835866,3.725371069729657,-0.392954359493378,0.9886677295543995,1,Y67.JPG
313.8150208913649,1.49823478758462,6937.034037305646,18.707103064066853,83.28885902271472,88.49038809094971,5.821661164219965,1.188603825528968,0.1265348423851397,569.789822909393,0.9636239803007216,7831.827286179523,0.47038586357969553,174.17184663572476,30757.519321808697,6.575378735211029,9.290125681530657,0.0007043529723810972,3.9132063584747794,-0.4097594839293921,0.9956777157234145,1,Y153.jpg
77.07121572059681,1.8410302930828644,1237.6596140104623,14.979682420605151,35.180386780285154,38.360443301979856,6.594484373088444,1.2619052368057784,0.0017942212596378684,130.3065587747128,0.9555459401447047,1466.2450731761355,0.26915573196023246,109.80907712898815,5734.673733929827,7.564399481684288,11.124001120574466,0.000395563189559639,4.07540033946756,-0.3144326803100409,0.9910351280855236,1,Y242.JPG
65.55969465400625,1.5496119569277642,4864.74885419849,14.070772632674297,69.74775160676143,71.24044895163661,6.033395779393201,1.2211305377799928,0.08610991302857397,119.44943549586787,0.9882359280435968,5076.719296200386,0.4698903901520976,133.70372651612553,20187.427749305676,6.8252987834548,9.463441602750414,0.0006758073064895278,3.5648800373082077,-0.43415457514250816,0.9971986558269567,1,Y55.jpg
146.35124622356494,1.6864792746760686,3276.209274131635,16.95160353241924,57.23818021331247,60.883033908578454,6.378928510353887,1.1932290383103705,0.022426905757044716,255.5540295391579,0.9655061413457982,3704.5851295230964,0.3908962322557128,131.77868099559188,14562.78648855323,7.277121532395427,10.376726919150654,0.0004774493887276431,4.054785595453015,-0.3773638879778892,0.9956715210254302,1,Y249.JPG
306.93821379310344,1.5949347742477888,4967.58483555767,28.173103448275864,70.48109558993582,76.1140933717431,6.591146249690269,1.3095041292526346,0.0548842336252293,617.7074511562537,0.9465683520410614,5781.482592742006,0.34464595872353904,182.26697501328545,22508.22291981178,7.422102711047902,10.847289280349624,0.0003861692568223906,4.581060270920187,-0.3581726666254252,0.9953706139219343,1,Y73.jpg
68.3884037782006,1.7481821477030026,2900.5243933430215,10.428837267652163,53.85651672121974,55.803244903623245,6.426371133862633,1.1765708005282631,0.01524837610427154,114.5616740557432,0.9816101506001719,3114.7360447215106,0.38997187439719905,110.9886893598002,12344.382504830295,7.371167586067002,10.227741381909084,0.0005193349723861441,3.659418745510101,-0.4119387232917121,0.9973019506204908,1,Y253.JPG
119.58583026447941,1.6743989127275072,2139.11615478048,19.64931369266823,46.2505800480435,49.86174854519811,6.130517419653435,1.2719694670733208,0.02747026950419611,206.54883077060794,0.9583154375360524,2478.3875965900115,0.42262994011836164,137.08186742384873,9707.001555589446,7.002809522487754,9.933082313990303,0.00054764894086629,3.885472669803298,-0.384255379847462,0.9952138332132276,1,Y157.JPG
248.80155654761904,1.6306344542384128,2562.7080159858283,17.80142857142857,50.62319642205368,57.096401805324646,6.142285206014623,1.329500877549786,0.056603390213369145,383.6258323014595,0.9404973460768806,3227.774999277639,0.40396252533866894,108.4792592562379,12527.474164809097,6.995567344393773,9.864174972077395,0.0005046286912044981,4.089719757293373,-0.3988678301539242,0.9960929767882285,1,Y42.jpg
112.86880568748283,1.6358207039768649,2068.8296705795947,19.51510185657652,45.48438930643781,48.83880714216412,6.144940710448621,1.2171975395884682,0.043729425567855015,203.7122715507092,0.9572000045107096,2380.3331383576424,0.347949435100001,119.3117463455987,9317.620281879856,6.9845849390845824,10.288865160633893,0.00043696074955694724,4.186418525632141,-0.3300371997769369,0.9909005838038601,1,Y258.JPG
155.95096794871796,1.6794901471434813,1928.6289737841946,23.65876923076923,43.916158458865624,48.08114267062208,6.303373130396181,1.3523455286681292,0.017424114271893134,299.53331739768316,0.9350406651609018,2306.083715552635,0.3549719750159233,116.10295660206913,8924.801544812864,7.227717600086423,10.524579538935885,0.00040737340911020686,4.253565594403246,-0.3339170779002889,0.9922105262361998,1,Y70.jpg
156.39726760786803,1.6404151315946964,1726.3520837164708,32.218829314720814,41.549393301424644,45.78355622864954,5.945256292276728,1.437337386110759,0.05792833173456863,335.70661945328186,0.9200549895594885,2099.323956236741,0.3520862630106044,81.0237990499777,8061.58920549368,6.881394517056343,10.152875227318527,0.0004143688741555292,4.434762632612673,-0.299090521139035,0.9850513482251284,1,Y252.jpg
140.9512290644366,1.6763257567779497,1392.2682869454416,15.758690994540052,37.31311146159539,40.986207119730956,6.167160563654175,1.2025530946790794,0.01691038311143369,199.9438909832212,0.9388908896190659,1642.4582043949267,0.42385384236916546,116.42876860568617,6369.888926596484,7.041822408214996,9.945424643308654,0.0005632630415466377,3.6861489267774203,-0.38879804231883697,0.9955207709540945,1,Y182.JPG
288.6018170426065,1.8105387902852774,1827.7296483678958,30.851487693592958,42.7519549069735,49.74627045381102,6.883286274478982,1.4276705196527237,0.002967682335435281,497.67695937614815,0.8952287911908443,2391.6761104927564,0.20211006598545356,136.8247711557885,9069.02748259488,7.775853667004498,11.945084157199638,0.0002105429252714986,4.789223662866401,-0.2624311425082939,0.9850862242392533,1,Y192.JPG
134.91275154191268,1.731687838717192,1852.076591268197,22.132143689045076,43.035759448024116,46.76228242371251,6.606203076039502,1.4213752852031343,0.007401761654823157,275.0458002278427,0.9371006543050249,2186.426226448264,0.3512952316952693,102.30594349553022,8470.659105565217,7.527613506248046,10.888902958259514,0.00039938967814484333,4.250474526220382,-0.35419375933739233,0.9950199940718353,1,Y44.JPG
297.0289224364018,1.5687619126704913,4690.57832244415,26.70377655389457,68.48779688706705,74.36792817797435,6.0064067194737145,1.1627706169109158,0.07692959608274165,532.5149301951117,0.9518519575834229,5530.044649556536,0.39274610816479044,152.50581526214125,21587.663668031026,6.812351150027114,9.901947499551737,0.0004959307101987953,4.3454998960175315,-0.35750210584573866,0.9930399172678581,1,Y117.JPG
143.97857131206368,1.6007613394781006,2097.1561033474945,21.728322568017223,45.79471698075548,49.8116481536683,5.945197133763746,1.252758160745973,0.06626816455832267,262.05529873238845,0.9471865425568944,2481.1042437337774,0.3906712591999866,120.26749189326277,9662.361676202725,6.700779471991036,9.923675019286511,0.0004857993631440256,4.161632238422411,-0.3344642254788749,0.9900816585751973,1,Y193.JPG
92.36422962887806,1.6442922867628205,2470.2690213643573,13.327245670995671,49.70180098713081,52.403183149601055,5.7468112818515165,1.1639947458163278,0.043073586597362185,157.45236405084484,0.9712303773112808,2737.383599158581,0.4742966579589832,134.3634355927328,10792.08203258348,6.598807352684161,9.1271460882217,0.0006833765798399966,3.491425941827827,-0.4161751360784792,0.9955949595910493,1,Y164.JPG
132.65629327623907,1.859690585137651,1875.7774940660354,17.698524052478135,43.31024698689717,46.636566818017414,7.035800906286562,1.363377732359737,0.0016660867000910563,290.636187594892,0.9329071403817051,2166.9358633409215,0.2909859931896647,142.80692954932286,8377.107265768795,7.981899044842896,11.377922751273026,0.0003959572013705117,4.018377864503451,-0.38207738990874496,0.9973253731533581,1,Y120.JPG
109.8812981113498,1.6970663058516364,4493.54502751167,23.238050483351234,67.03390953473973,69.57176480405016,7.148784175893445,1.303530379913696,0.008497166668786822,186.64669833323057,0.9807160125157927,4839.506171944898,0.3330611578762313,151.48713847591995,19171.377989446362,8.060137169057779,11.539934067315126,0.0003612029519266687,4.320967977351015,-0.3879436207188507,0.9978843168981955,1,Y22.jpg
18.266666117042472,1.6824182575354327,4748.8975128491575,2.5742116327960756,68.91224501385192,69.37917409703111,6.627062332055125,1.1376596068143325,0.014396223480964993,28.876522415738243,0.9969997940592921,4812.5255974509755,0.4325169595064042,152.8425851816972,19221.225867388166,7.54438015078473,10.030171623010274,0.0006459781448855183,3.1297444832390138,-0.4872094366353438,0.9991320712540469,1,Y41.jpg
49.53544092116013,1.7144444387701723,3591.306229116168,12.020833333333334,59.92750811702559,61.143935707823786,6.246710801166127,1.131503131893875,0.015199573870205575,85.07887311587588,0.9886256469588804,3739.8040995874617,0.41808698431250646,121.59153249396624,14874.137525233968,7.1898648086218095,9.930354719392074,0.000570431975380896,3.5809729253757383,-0.41306422368922646,0.9969185276444649,1,Y66.JPG
42.513265659427134,1.3648218456634973,4613.729216186097,7.814140698772427,67.9244375478082,68.96235554500257,5.122735624356561,1.1166703030226603,0.20121627357156888,69.88239223890426,0.9926564531589857,4757.857696840049,0.6152544793553282,113.73075673454736,18961.548395121295,5.733787538900976,7.7163725366607645,0.0011859676990972536,2.85490965032202,-0.49524563586999804,0.9967470926764503,1,Y108.jpg
155.95096794871796,1.6794901471434813,1928.6289737841946,23.65876923076923,43.916158458865624,48.08114267062208,6.303373130396181,1.3523455286681292,0.017424114271893134,299.53331739768316,0.9350406651609018,2306.083715552635,0.3549719750159233,116.10295660206913,8924.801544812864,7.227717600086423,10.524579538935885,0.00040737340911020686,4.253565594403246,-0.3339170779002889,0.9922105262361998,1,Y54.jpg
129.05961758844046,1.6079187721348895,2278.6137454199543,10.116143497757848,47.73482738441561,50.281835906400154,5.819005224530984,1.1362522614892634,0.033909233839051714,186.48216392706854,0.9620358790890275,2463.3290120884494,0.5012368531728126,99.66818896296334,9666.83388442673,6.650903265405509,9.009046840335474,0.0007551440781321329,3.2874789812066276,-0.45133716748203145,0.9971237984950093,1,Y8.jpg
92.65816387005009,1.7130773858351986,2122.8482258469066,25.407484900331884,46.07437710753024,48.70122732025421,6.531061574230793,1.2427973007849271,0.012789495495174968,174.16973296981502,0.9632618163955419,2370.550577459568,0.3418994786607235,106.46053914882046,9308.03257686846,7.451584890009194,10.850937563745717,0.0004156394270672238,4.224497751764606,-0.34146824127361547,0.9937612875638782,1,Y251.JPG
75.88583781322197,1.7018102637028416,2832.5138232133495,17.577416918429,53.221366228361234,55.333969907090776,6.5376594915873465,1.233220757101719,0.017243423192073688,129.57063293249217,0.9787977762056478,3056.1895352302563,0.39339964724822596,136.5205891855135,12095.187507988536,7.442512349158694,10.51048222515874,0.0005018839222534131,3.8110198105480872,-0.39626024424775713,0.9969809652374754,1,Y243.JPG
131.5461768707483,1.5841477945009623,1344.141004577537,15.542857142857143,36.66252861679806,41.44851059878628,5.3088215936474175,1.2779363484770982,0.054864989264922795,239.33647134091368,0.9302280327449644,1715.4047611377835,0.40111422375538786,93.81155820980749,6622.282573210216,6.136060948199805,8.9602192715566,0.0005570432817397124,3.9178679695523706,-0.317635977687349,0.9822481507700191,1,Y62.jpg
312.6629370005354,1.6252494233833905,3662.99461021312,34.84512879493942,60.52267847851019,66.843404885701,6.593656237965466,1.3812931161285384,0.03207441171426073,626.1086443213192,0.9299345998751224,4468.040848456403,0.36049950629370575,151.15201666559665,17246.054749504285,7.431038740890035,10.8430679433054,0.00041398573618620256,4.634459592471933,-0.3612863454980695,0.9955452976602827,1,Y56.jpg
143.38826068275915,1.6684614620033897,5658.254958575779,25.483067729083665,75.22137301708723,77.94124119869045,6.845127072694696,1.3689630256709586,0.019088611405850754,256.2704165338068,0.9788648726743923,6063.772244129179,0.35101993753180594,183.2306723683841,23998.8185599829,7.7495033826557345,11.042241547798584,0.0003901177517274072,4.352754410310188,-0.39036308553845533,0.9974592692023303,1,Y36.JPG
116.45833333333333,1.6276791493917016,4370.628700818569,16.98902416528316,66.1107306026682,68.53847021377807,6.330256826614769,1.3098570233048437,0.04651799613614837,215.04860463946292,0.9771499845030988,4704.870484999425,0.3905697831224375,115.5804240344517,18604.433335358237,7.178896991476303,10.224978803682593,0.00048563815963734635,3.999602652857467,-0.38939535125132546,0.9962432354278329,1,Y244.JPG
42.513265659427134,1.3648218456634973,4613.729216186097,7.814140698772427,67.9244375478082,68.96235554500257,5.122735624356561,1.1166703030226603,0.20121627357156888,69.88239223890426,0.9926564531589857,4757.857696840049,0.6152544793553282,113.73075673454736,18961.548395121295,5.733787538900976,7.7163725366607645,0.0011859676990972536,2.85490965032202,-0.49524563586999804,0.9967470926764503,1,Y162.jpg
48.35068195443645,1.5702554891443712,1735.073609479944,15.689781508126831,41.65421478650082,43.322374846367076,5.64103951220324,1.311727888613428,0.0728616130314107,84.40117724253386,0.9775602525826741,1880.2627864806004,0.46652694695724456,68.2520068566607,7436.649968679871,6.4833098424838305,9.052467153883281,0.0006688393537130481,3.5147561655589037,-0.40056165419815604,0.9942868929606672,1,Y259.JPG
234.58103502753454,1.5374252750934145,3396.5474496785364,27.204680870271734,58.279906054132724,63.07952157391075,5.938749999881285,1.2771681500939511,0.09628605317286368,460.7264284346872,0.9421046398111155,3979.0031731824165,0.39348936980096627,128.3918445581613,15455.286264294979,6.739891546907858,9.857104756741974,0.0005080790293218501,4.39187597069012,-0.34752745509686733,0.9918517057546602,1,Y2.jpg
52.153985185748574,1.581303307954767,2171.168937628962,12.283236994219653,46.595803862890506,48.36950604925758,5.847754008469366,1.1524697499786334,0.0693090093850637,121.73126230758149,0.9739443183382543,2336.3308320496026,0.44802681949433837,116.78697551911307,9223.592065890829,6.67912533051739,9.338306745526964,0.0006181582127835065,3.529238826214666,-0.4064195313098761,0.9954376328777169,1,Y3.jpg
41.251625675313164,1.7092451192947598,3274.9360144517855,4.928241078735318,57.22705666423694,58.159694651039835,7.134233972029839,1.2273542171471123,0.0033708444493454398,95.55258906407532,0.9858812845482494,3383.7849296360664,0.45967274141400005,138.11395720430892,13439.587129480191,8.091849201467816,10.69269153715714,0.0006812945693803205,3.2022217225486176,-0.5017267213088246,0.999567042691687,1,Y46.jpg
69.432443737868,1.616120634670635,2815.0005745525514,15.419312115820123,53.056578994056444,54.87744230436737,6.113447060545827,1.1465870353623804,0.051159469511154826,123.24518051850814,0.979526563011029,3010.1282725317797,0.39081466605986803,123.55417492933617,11917.267909608603,6.929433727572166,9.901480331317737,0.0005530587906723537,3.853041702904882,-0.3834843916738217,0.9951420913677627,1,Y256.JPG
65.93412434614459,1.428775780624995,3250.82105150373,4.268974059651217,57.01597189826487,58.727565597655286,5.149864108734993,1.0994116411917807,0.14867496785805273,129.47209262330233,0.9812459438767773,3451.5907940835896,0.628295707737293,91.00998451501137,13676.891083711052,5.8095858857459834,7.582533461610813,0.0011868337587185502,2.656787343705432,-0.5290434466911075,0.9977423505933516,1,Y188.jpg
163.60593434343434,1.6894287648139117,3564.1218418317017,20.65491118077325,59.70026668141192,64.4208570146439,6.9433784884758865,1.2756837988473118,0.015887832891586434,281.0378371993311,0.9654437011698255,4074.733090583707,0.3341662484737936,218.4823250711356,16017.894525135489,7.76793857350691,11.13410948830863,0.0003776484036526979,4.300000795057052,-0.3961148840556601,0.9977110715891302,1,Y37.jpg
163.60593434343434,1.6894287648139117,3564.1218418317017,20.65491118077325,59.70026668141192,64.4208570146439,6.9433784884758865,1.2756837988473118,0.015887832891586434,281.0378371993311,0.9654437011698255,4074.733090583707,0.3341662484737936,218.4823250711356,16017.894525135489,7.76793857350691,11.13410948830863,0.0003776484036526979,4.300000795057052,-0.3961148840556601,0.9977110715891302,1,Y10.jpg
55.695620316442046,1.6660721835921226,1852.2361375604958,14.763371880363524,43.03761305602921,44.82807923951624,6.230166101591886,1.240874650602058,0.02874173955826477,99.3663329120775,0.9753047152728276,2011.6229595671134,0.4265580617339856,106.07975861811832,7947.125505356374,7.090462689528352,9.966007130971114,0.0006003613756038929,3.6424813196991472,-0.40118092175337516,0.9962794509495911,1,Y19.JPG
118.7852756482637,1.5899401603896515,2892.08960084685,22.367623462292745,53.778151705379855,56.5562471472796,5.8788384658728345,1.3731707175050674,0.07935170808992138,244.8890908006312,0.961814895299493,3205.9421418060288,0.41726370957690306,92.16985926950532,12578.879476423486,6.733338337480321,9.669136313292798,0.0005499842026012667,4.066746688779098,-0.3629518830581511,0.9928138910750456,1,Y245.jpg
151.84529125644633,1.690948997318648,2915.9016139222645,24.050457102672294,53.99908901011446,57.86259186587114,6.585729412007426,1.3153467924279532,0.01550235644017669,277.87462344940366,0.9584468085601547,3344.0588986703806,0.3659638343758488,135.6530968371485,13098.360971232123,7.480873946164715,10.798628975868194,0.00042011728933639357,4.27791397096905,-0.36268986361031574,0.995416618350214,1,Y163.JPG
109.9424033210496,1.6982410225319504,2126.5245405058654,18.43937308529059,46.114255285170394,49.62455983308813,6.44101376480252,1.2334414494438226,0.009521814584141253,191.77976391574904,0.9610267645576921,2460.6002898393426,0.3772167949827044,111.25014020823068,9650.621395441622,7.372691125387929,10.463988832453527,0.0004613291438980812,3.998373707578745,-0.3779998266497743,0.9958395712260718,1,Y165.JPG
192.26547826995716,1.5358843233559805,4136.8014258473795,30.94750750212747,64.31797125102267,68.02376563825244,6.057804376307999,1.218903640503364,0.08786637529065479,378.32590755129274,0.9590960405673585,4624.807017758636,0.38760486506164016,144.41090190256674,18120.90216348325,6.829243815479037,10.052684210466794,0.0004917924710270365,4.391424724805709,-0.3474690930727538,0.9924330390509508,1,Y116.JPG
51.06018639940052,1.7128779912436902,4058.350844486346,12.339171974522293,63.705186951192175,64.93976181199062,6.824195154659836,1.0825693962623242,0.006300472855294126,87.49683363071026,0.9896288275682513,4218.174466287195,0.38097297264348184,171.35705999613887,16785.201031518067,7.774767145511261,10.720232093131013,0.0004826911617224264,3.7633511817157705,-0.4312448358957425,0.9984899664683865,1,Y58.JPG
104.47442335243554,1.807088679671646,3117.1246634811423,22.630945558739256,55.831215851718135,58.23158941978368,6.709569187513726,1.152034436363455,0.004450328329348653,198.0020884961741,0.9707958997278527,3390.079270060592,0.29204007516158836,127.26222968797632,13362.314991746198,7.660563974973016,11.175569045781652,0.0003614204337414722,4.235671164796191,-0.3367366151224596,0.9941729706834175,1,Y71.JPG
208.54550893886966,1.7077312779487712,4441.859528295745,24.41176470588235,66.6472769758506,70.89320513001077,7.012002634466272,1.2439444011149372,0.006404483530365219,371.3809408216647,0.9629230403649625,5009.803760052839,0.32048483477074774,217.19981499935358,19667.8340993897,7.92197508878141,11.519459253628096,0.00034344538663906246,4.486416167916351,-0.3580225481760701,0.9964234442068852,1,Y17.jpg
161.9711322156197,1.7641225059173324,3729.786650450608,21.103522920203734,61.071979257680916,65.0993699139587,7.4496706061798985,1.333480952778913,0.002365614758190744,272.3748498792278,0.9678015350719298,4230.44290028651,0.2937668694789855,184.99381273496581,16649.396751266806,8.411793753222433,12.115231225104766,0.000313222460100009,4.431119650051321,-0.3746249005044466,0.9979304456255613,1,Y181.jpg
35.07301965230537,1.5892096222928587,2544.373042288215,7.091685563114135,50.441778738345604,51.544597360364584,5.937724714378192,1.0535816506973916,0.05587315871864911,59.04865221027898,0.9888953866681413,2658.5660639648354,0.43423542655317243,89.40651092201873,10575.215603649061,6.7523370443432285,9.353699075858508,0.0006016829721231818,3.4192987930408614,-0.4268339105457042,0.9966801978644299,1,Y9.jpg
136.6316191806897,1.6704012253631635,3304.43794863461,14.223467590061357,57.484240872039095,61.19813431332164,6.269440471773406,1.2443202446314836,0.04136815633091463,260.0019408149631,0.964842626603668,3706.22735153545,0.42894907939992666,130.65317452405583,14564.907465326838,7.107601658944106,9.88604071070628,0.0005668005184872058,3.7802153408874624,-0.4222977759325931,0.9972401521044126,1,Y18.JPG
125.05976418684509,1.8421879842803628,3451.344862392446,28.07681074766355,58.74814773584309,62.103478008346706,7.752448006715413,1.2738464061121626,0.0002542468440975543,223.90854777308869,0.9707787473274762,3835.751641036274,0.17641928411390145,287.6005453868422,15119.098016372005,8.731423802974954,12.976106984409729,0.00022953578592217034,4.583573487640786,-0.3254075562501092,0.9962984144273332,1,Y147.JPG
111.35689312645012,1.6472046658456734,3644.7700200687636,13.57091067285383,60.371930730007,63.13386088011451,6.614061234155446,1.1291912166276166,0.027635486263275184,182.7959288419276,0.9769882693129223,3973.128315164043,0.4050925050055156,170.43293512689615,15709.717331814238,7.485773164513207,10.443121914909003,0.0005290912816147196,3.7572838018005834,-0.4231914371812945,0.998041192604025,1,Y154.jpg
19.705470750640206,1.5532250976839734,1954.914285160452,3.3817021446862996,44.21441264068145,45.01431907129682,6.035855394762108,1.0807047526804492,0.06460904284880069,31.77113873925285,0.9921535193372945,2024.7229124091075,0.5316349508179976,108.24239396017526,8067.120510897172,6.808338562028796,9.041693501809823,0.0008516285118920332,2.924200392016898,-0.503769872544047,0.9987748537792396,1,Y257.jpg
190.57711506195147,1.7889484749565328,5058.12767662726,25.276200309757357,71.1205151600244,74.83178904029889,6.595007221157546,1.1886528951217366,0.005687609575818129,347.0117627380211,0.96903473974397,5602.944379557324,0.2889783382540332,146.8857790727757,22064.76575549128,7.56430325508387,11.065967775366659,0.0003239385252914846,4.51559607699404,-0.32548833858924575,0.9928123026952953,1,Y115.JPG
183.69778576499823,1.6597697972227587,4628.944586358824,23.915867944621937,68.03634753834766,72.02101339836074,6.8916097690223665,1.3170508564380585,0.012038721118395311,318.11306784451415,0.969337854157668,5187.425284137545,0.34671193663808403,184.42827177818575,20431.588068705663,7.782277378188453,11.330435840540243,0.0003857835692683962,4.3982022614838066,-0.35721542144466045,0.9960712912268159,1,Y16.JPG
318.81078084067633,1.6053481962217548,5797.717078198825,33.28947368421053,76.14274146758065,81.05153749150817,6.366295508983493,1.1995550511299211,0.06739585880656321,652.0003189365032,0.9502565305734274,6554.984507146806,0.34402750072295374,187.39023715347733,25567.937709650723,7.2551073094368075,10.673430781923479,0.0003935290030084402,4.709361206881006,-0.3311178764287067,0.992476405526928,1,Y21.jpg
136.07769254628747,1.7127713899990795,2749.14865960122,22.444526627218934,52.43232456797257,56.02973681366212,6.737514399978892,1.387272907764825,0.01573456501417799,248.69768925383826,0.96034635397679,3136.1665704023603,0.3048928903117248,126.97600652482225,12295.9685923556,7.670593504424984,11.174183566372589,0.00033691800710498686,4.356336521628682,-0.3451261773701555,0.9949024936537201,1,Y247.JPG
105.89415314128287,1.6167989421829851,1934.7928947425762,18.60459962867581,43.98628075596499,47.14177835195548,6.052152965227513,1.2512303663232875,0.0369919551855491,194.9311097796799,0.9560477725313312,2217.966421702779,0.44788589986577143,109.52452088552141,8676.934577031441,6.9098549412305985,9.697739338434687,0.0006047022234060933,3.772778220481581,-0.4020835393552763,0.9959875024864384,1,Y255.JPG
64.06581401824951,1.5825804247907378,3077.808210811563,12.306232452392578,55.47799753786688,57.24417078233605,5.641560097884335,1.19962338407508,0.05955770026743745,108.75917230721112,0.9834232907044814,3280.14046487974,0.5244698991110548,93.33153252138135,13011.802687211744,6.414962005846401,8.68781616476472,0.0008148015553094143,3.2707843063365694,-0.46289464763677624,0.9971907041704643,1,Y107.jpg
158.46992616992276,1.7051815191625606,4538.423599497729,25.02267151294866,67.367823176185,70.6051434945535,6.72507652143427,1.3102379615705833,0.025077419002146127,282.16817811484003,0.9717155977495335,4987.977314745042,0.33984316186768826,151.77188129824373,19669.741080865337,7.6616135977342585,11.009902448034023,0.00037878892053051067,4.321334818021228,-0.3643124395217188,0.9960227005398332,1,Y155.JPG
378.29408741074155,1.8176369146030606,4122.539059247475,30.795407185129616,64.20700163726286,72.92483316506531,7.526115020637655,1.3844354978899824,0.0006580121834733616,902.9823577485914,0.9135424753269207,5231.558837057215,0.1965403560083773,219.5272676437067,20023.252990480272,8.520095984974557,12.689746345865311,0.00021964219941556678,4.87613696519124,-0.3155720430586715,0.9952437719388671,1,Y109.JPG
170.86513228579102,1.82199383734225,2604.4847320829945,14.837899543378995,51.03415260473122,56.03246072179588,7.131758475693123,1.2957869306089043,0.0018928272279964448,303.16438494093757,0.9511633670105585,3109.0254067977476,0.34444502542830746,166.08714496265665,12132.937242250066,8.113779751948947,11.40267457377881,0.00043441177429015445,4.0372583842304,-0.4015852631266399,0.9981677180737238,1,Y40.JPG
123.19794733028395,1.8198933019547023,4380.546763707992,16.202391196050904,66.18569908755208,69.16070023565051,7.506638382629956,1.24178619763257,0.0009799995595311597,226.80417591585675,0.9761571591697878,4760.38164803081,0.285941387843237,193.3347059947459,18814.722416207384,8.481650524139104,12.092395021880057,0.0003635190303846971,4.138430702372893,-0.38897123651509047,0.9983634982178418,1,Y146.JPG
307.1693216880661,1.7689529816779845,2882.261679806908,29.538071065989847,53.68669928210252,60.27393528443932,6.832108971252208,1.3007123155697358,0.005969105552372603,608.8045524897877,0.9163390487035652,3638.0263915352007,0.2584124734346599,133.1920868636235,13943.301013651017,7.779994553905672,11.515932237564709,0.0002610222569007789,4.728930372426886,-0.3139526537870177,0.9924590480267106,1,Y60.jpg
